mun_n,bairro_n,n_cases
SAO PAULO,ITAIM PAULISTA,705
SAO PAULO,BRASILANDIA,667
SAO PAULO,JABAQUARA,606
SAO PAULO,JARDIM HELENA,503
SAO PAULO,VILA CURUCA,493
SAO PAULO,CIDADE ADEMAR,455
SAO PAULO,LAJEADO,447
SAO PAULO,SAO PAULO,402
SAO PAULO,JARAGUA,401
SAO PAULO,CIDADE TIRADENTES,390
SAO PAULO,GUAIANAZES,381
SAO PAULO,PARAISOPOLIS,323
SAO PAULO,SANTA CECILIA,316
SAO PAULO,BELEM,299
SAO PAULO,CANGAIBA,297
SAO PAULO,VILA JACUI,277
SAO PAULO,JARDIM ANGELA,267
SAO PAULO,PENHA,263
SAO PAULO,SAO MIGUEL,261
SAO PAULO,VILA SONIA,255
SAO PAULO,PIRITUBA,254
SAO PAULO,LAGEADO,252
SAO PAULO,VILA MARIA,248
SAO PAULO,HELIOPOLIS,234
SAO PAULO,BELA VISTA,232
GUARULHOS,GUARULHOS,222
SAO PAULO,MOOCA,222
SAO PAULO,RIO PEQUENO,220
SAO PAULO,IGUATEMI,209
SAO PAULO,BOM RETIRO,206
SAO PAULO,BRAS,181
SAO PAULO,PARQUE DO CARMO,179
MAUA,JARDIM ZAIRA,179
SAO PAULO,ITAQUERA,177
SAO PAULO,CENTRO,171
SAO PAULO,SANTANA,167
CARAPICUIBA,CIDADE ARISTON ESTELA AZEVEDO,166
SAO PAULO,CIDADE LIDER,165
SAO PAULO,CIDADE ANTONIO ESTEVAO DE CARVALHO,157
SAO PAULO,VILA MATILDE,157
SAO PAULO,JOSE BONIFACIO,152
SAO BERNARDO DO CAMPO,MONTANHAO,151
SAO PAULO,VILA MEDEIROS,151
SAO PAULO,SAO DOMINGOS,150
SAO PAULO,FREGUESIA DO O,149
SAO PAULO,VILA ANDRADE,141
MOGI DAS CRUZES,JUNDIAPEBA,137
SAO PAULO,CARRAO,133
SAO PAULO,IPIRANGA,132
SAO PAULO,TATUAPE,128
SAO PAULO,SAUDE,127
SAO PAULO,ITAIM BIBI,122
SAO PAULO,MANDAQUI,120
SAO PAULO,SAO RAFAEL,120
SAO PAULO,CURSINO,118
DIADEMA,ELDORADO,116
GUARULHOS,JARDIM CUMBICA,116
SAO PAULO,CIDADE JULIA,115
SAO PAULO,JARDIM SAO LUIS,113
SAO PAULO,PARQUE NOVO MUNDO,112
DIADEMA,TABOAO,110
SAO PAULO,VILA MARIANA,109
FRANCO DA ROCHA,FRANCO DA ROCHA,108
OSASCO,PADROEIRA,108
SAO PAULO,JACANA,107
DIADEMA,CASA GRANDE,107
SAO PAULO,JARDIM BRASIL,107
SAO PAULO,JARDIM DA CONQUISTA,106
SAO PAULO,SAPOPEMBA,105
SAO PAULO,CAMBUCI,102
SAO PAULO,PARI,100
GUARULHOS,JARDIM PRESIDENTE DUTRA,100
SAO PAULO,PEDREIRA,99
SAO PAULO,FAZENDA DA JUTA,98
SAO PAULO,PARQUE SANTA MADALENA,96
GUARULHOS,SAO JOAO,96
SAO PAULO,PARQUE EDU CHAVES,96
SAO PAULO,LIBERDADE,96
SAO PAULO,GRAJAU,94
OSASCO,JARDIM MUNHOZ JUNIOR,93
SAO PAULO,CAMPO GRANDE,93
SAO PAULO,PERUS,92
SAO PAULO,CACHOEIRINHA,92
SAO BERNARDO DO CAMPO,BAETA NEVES,90
SAO PAULO,PINHEIROS,88
DIADEMA,CENTRO,85
DIADEMA,SERRARIA,84
OSASCO,CONCEICAO,83
SAO PAULO,VILA PRUDENTE,83
SAO PAULO,VILA GUILHERME,82
DIADEMA,CANHEMA,81
SAO PAULO,SANTA EFIGENIA,78
SAO PAULO,TREMEMBE,78
MAUA,JARDIM ORATORIO,77
SAO PAULO,IMIRIM,77
SAO PAULO,PQ VILA MARIA,77
ITAPECERICA DA SERRA,PARQUE PARAISO,76
CARAPICUIBA,JARDIM ANA ESTELA,75
SAO PAULO,BUTANTA,75
GUARULHOS,MORROS,74
SAO BERNARDO DO CAMPO,FERRAZOPOLIS,74
SAO PAULO,CASA VERDE ALTA,73
GUARULHOS,TABOAO,73
SAO PAULO,PARQUE SAO RAFAEL,72
SAO BERNARDO DO CAMPO,DOS CASA,72
SAO PAULO,AMERICANOPOLIS,71
SAO PAULO,JARDIM SAPOPEMBA,70
TABOAO DA SERRA,JARDIM RECORD,70
SAO PAULO,JAGUARE,70
SAO PAULO,JD PERY ALTO,69
SAO PAULO,PARQUE BOTURUSSU,68
SAO PAULO,RECANTO DOS HUMILDES,68
SAO PAULO,CAMPO BELO,67
DIADEMA,CAMPANARIO,67
SAO PAULO,JARDIM MATARAZZO,67
SAO PAULO,JARDIM APURA,66
OSASCO,BANDEIRAS,66
GUARULHOS,PIMENTAS,65
SAO PAULO,MOEMA,65
GUARULHOS,BONSUCESSO,65
DIADEMA,CONCEICAO,63
GUARULHOS,BANANAL,63
SAO PAULO,JARDIM SAO BENTO NOVO,63
SAO PAULO,VILA DO SOL,63
BARUERI,PARQUE IMPERIAL,62
OSASCO,SANTA MARIA,62
SAO PAULO,JARDIM MACEDONIA,62
SAO PAULO,VARGEM GRANDE,62
SAO PAULO,CASA VERDE,62
SAO PAULO,JARDIM TIETE,62
SAO PAULO,PARQUE SAO LUCAS,62
SAO PAULO,CANTINHO DO CEU,60
GUARULHOS,VILA RIO DE JANEIRO,59
SAO PAULO,JARDIM MITSUTANI,59
SAO PAULO,LIMAO,59
SAO PAULO,DISTRITO MORUMBI,59
SANTO ANDRE,CENTRO,58
SAO PAULO,PARQUE PERUCHE,58
SAO PAULO,CONJUNTO HABITACIONAL INACIO MONTEIRO,58
SAO PAULO,PERDIZES,58
SAO PAULO,JARDIM COLONIAL,57
GUARULHOS,PICANCO,57
OSASCO,ROCHDALE,56
SAO PAULO,PONTE RASA,56
GUARULHOS,JARDIM VILA GALVAO,56
SAO PAULO,PARQUE COCAIA,55
SAO PAULO,VILA FORMOSA,54
SAO PAULO,PARQUE SANTO ANTONIO,54
SAO PAULO,LAPA,54
SAO PAULO,VILA NOVA CACHOEIRINHA,54
SAO PAULO,VILA RE,53
ITAPEVI,PARQUE SUBURBANO,53
TABOAO DA SERRA,PARQUE PINHEIROS,53
DIADEMA,INAMAR,53
SAO PAULO,ERMELINO MATARAZZO,53
SAO BERNARDO DO CAMPO,VILA SAO PEDRO,52
SANTO ANDRE,JARDIM SANTO ANDRE,52
SAO PAULO,CHACARA SANTA MARIA,52
OSASCO,JARDIM PIRATININGA,52
SAO PAULO,SAO MATEUS,52
OSASCO,ALIANCA,52
OSASCO,VELOSO,51
SAO PAULO,JARDIM DA SAUDE,51
MAUA,PARQUE DAS AMERICAS,51
OSASCO,JARDIM ROBERTO,50
BARUERI,PARQUE DOS CAMARGOS,50
SAO PAULO,VILA LEOPOLDINA,50
CARAPICUIBA,CONJUNTO HABITACIONAL PRESIDENTE CASTELO BRANCO,50
SAO PAULO,JD MONTE VERDE,50
SAO PAULO,LAUZANE,50
OSASCO,AYROSA,50
DIADEMA,VILA NOGUEIRA,50
OSASCO,BARONESA,49
SAO PAULO,CIDADE SAO MATEUS,49
SAO BERNARDO DO CAMPO,BATISTINI,49
SAO PAULO,JARDIM DONA SINHA,48
BARUERI,JARDIM BELVAL,47
SAO PAULO,JARDIM SANTA TEREZINHA,47
SAO PAULO,VILA NHOCUNE,46
SAO PAULO,VILA NOVA GALVAO,46
SAO PAULO,SETOR G,46
SAO PAULO,JD ESMERALDA,46
SAO PAULO,SACOMA,45
SAO PAULO,CONJUNTO HABITACIONAL FAZENDA DO CARMO,45
SAO PAULO,JARDIM AURELIO,45
SAO PAULO,JARDIM ELISA MARIA,45
SAO PAULO,JARDIM DAS ROSAS,45
SAO PAULO,JARDIM COMERCIAL,45
SAO PAULO,CAMPO LIMPO,45
SAO PAULO,ANHANGUERA,45
SAO PAULO,JARDIM VERA CRUZ,45
SAO PAULO,VILA SABRINA,45
SAO PAULO,PARQUE FERNANDA,45
SAO PAULO,CAPAO REDONDO,44
SAO PAULO,JD ELISA MARIA,44
SAO PAULO,BARRO BRANCO,44
SAO PAULO,VILA BELA,44
SAO PAULO,JARDIM ROSANA,44
SAO PAULO,JARDIM NORONHA,44
SAO PAULO,CONJUNTO HABITACIONAL AGUIA DE HAIA,44
SAO PAULO,JARDIM GUARANI,43
ITAPEVI,JARDIM VITAPOLIS,43
SAO PAULO,VILA NATAL,43
SAO PAULO,JARDIM RODOLFO PIRANI,43
SAO PAULO,JD CARUMBE,42
SAO PAULO,JD DA CONQUISTA,42
BARUERI,JARDIM CALIFORNIA,42
DIADEMA,PIRAPORINHA,42
SAO PAULO,JARDIM PAULISTA,42
SAO PAULO,JARDIM SAO JORGE,42
SAO PAULO,CAMPOS ELISEOS,42
SAO PAULO,JD PRINCESA,41
GUARULHOS,JARDIM NOVA CIDADE,41
SAO PAULO,JARDIM MIRIAM,41
SAO PAULO,VILA CALIFORNIA,41
SAO PAULO,PARQUE BRISTOL,41
SAO PAULO,CIDADE IPAVA,40
GUARULHOS,VILA GALVAO,40
SAO PAULO,VILA ESPERANCA,40
SAO PAULO,PARQUE DOROTEIA,40
SAO PAULO,VILA NOVA JAGUARE,39
OSASCO,HELENA MARIA,39
OSASCO,JARDIM ELVIRA,39
SAO PAULO,PQ RES COCAIA,39
SAO PAULO,COHAB JARDIM ANTARTICA,39
SAO PAULO,COHAB ADVENTISTA,39
SAO PAULO,JARDIM TRES MARIAS,38
GUARULHOS,BELA VISTA,38
SAO PAULO,JARDIM SAO SAVERIO,38
SAO BERNARDO DO CAMPO,PAULICEIA,38
SAO PAULO,PARQUE CISPER,38
SANTO ANDRE,VILA METALURGICA,38
OSASCO,SAO PEDRO,38
SAO PAULO,JARDIM PARANAPANEMA,38
SAO BERNARDO DO CAMPO,COOPERATIVA,38
BARUERI,JARDIM MUTINGA,38
SAO PAULO,SANTA ETELVINA,38
SAO PAULO,JARDIM BRASILIA,38
SUZANO,MIGUEL BADRA BAIXO,38
SAO PAULO,VILA BUARQUE,37
SAO PAULO,CHACARA SANTANA,37
SAO PAULO,CIDADE FIM DE SEMANA,37
SAO BERNARDO DO CAMPO,ALVARENGA,37
GUARULHOS,RECREIO SAO JORGE,37
OSASCO,VILA MENCK,37
SAO PAULO,JARDIM LUCELIA,37
SAO PAULO,JARDIM FELICIDADE,37
SAO PAULO,AGUA RASA,36
SAO PAULO,ARTUR ALVIM,36
ARUJA,PARQUE RODRIGO BARRETO,36
CARAPICUIBA,VILA SILVIANIA,36
SAO PAULO,PARQUE RESIDENCIAL COCAIA,36
SAO PAULO,JARDIM HORIZONTE AZUL,36
GUARULHOS,COCAIA,36
ITAPECERICA DA SERRA,JARDIM JACIRA,36
GUARULHOS,LAVRAS,35
OSASCO,CIPAVA,35
SAO PAULO,JARDIM IGUATEMI,35
SAO PAULO,JAGUARA,35
SAO PAULO,VILA EDE,35
GUARULHOS,GOPOUVA,35
SAO PAULO,VILA SILVIA,35
SAO PAULO,CHACARA SANTO AMARO,35
SAO PAULO,PARQUE SAVOY CITY,35
SAO PAULO,REPUBLICA,35
SAO PAULO,JARDIM IBIRAPUERA,35
SAO PAULO,VILA ANTONIETA,35
SAO PAULO,CONSOLACAO,34
SAO PAULO,PARQUE VILA MARIA,34
SAO PAULO,VILA EMA,34
SAO PAULO,VILA YOLANDA 2,34
SAO PAULO,VILA ALPINA,34
SAO PAULO,SAO JOAO CLIMACO,34
MOGI DAS CRUZES,JARDIM AEROPORTO III,34
SAO PAULO,VILA SANTA TERESA,33
SANTO ANDRE,VILA GUIOMAR,33
SAO PAULO,JARDIM HEBROM,33
OSASCO,BUSSOCABA,33
SAO PAULO,JARDIM IMBE,33
GUARULHOS,BOM CLIMA,33
SAO PAULO,JARDIM ARACATI,33
BARUERI,VILA ENGENHO NOVO,33
GUARULHOS,VILA BARROS,32
SAO BERNARDO DO CAMPO,PLANALTO,32
SAO PAULO,JARDIM DAS FLORES,32
GUARULHOS,CIDADE SOBERANA,32
SAO PAULO,PARELHEIROS,32
SAO PAULO,RECANTO CAMPO BELO,32
OSASCO,NOVO OSASCO,32
SAO PAULO,JD FONTALIS,31
FRANCO DA ROCHA,PARQUE VITORIA,31
SAO PAULO,PRESTES MAIA,31
SAO PAULO,VILA PENTEADO,31
SAO PAULO,JARDIM GUARUJA,31
ITAPEVI,JARDIM SAO CARLOS,31
SAO PAULO,CONJUNTO JOSE BONIFACIO,31
SAO PAULO,ACLIMACAO,31
SAO PAULO,JARDIM PERI,31
SAO PAULO,JARDIM DAS CAMELIAS,30
SANTO ANDRE,JARDIM SANTA CRISTINA,30
SAO PAULO,PARQUE GUARANI,30
SAO PAULO,VILA PALMEIRAS,30
SAO BERNARDO DO CAMPO,TABOAO,30
GUARULHOS,ITAPEGICA,30
GUARULHOS,MACEDO,30
CARAPICUIBA,JARDIM NOVO HORIZONTE,30
SAO BERNARDO DO CAMPO,CENTRO,30
SAO PAULO,PERI ALTO,30
SAO PAULO,JARDIM PANORAMA,30
SAO PAULO,JARDIM SAO FRANCISCO,30
SAO PAULO,CONJUNTO HABITACIONAL SITIO CONCEICAO,30
OSASCO,PORTAL DOESTE,30
CARAPICUIBA,VILA MUNICIPAL,30
SANTO ANDRE,JARDIM SANTO ANDRE CDHU,30
SAO PAULO,CONJUNTO PROMORAR SAO LUIS,30
SANTO ANDRE,JARDIM DO ESTADIO,30
SAO PAULO,SANTO AMARO,30
CARAPICUIBA,VILA VELOSO,30
SAO PAULO,ELDORADO,29
SAO BERNARDO DO CAMPO,RUDGE RAMOS,29
SAO PAULO,JD PERI,29
SAO PAULO,JARDIM CATANDUVA,29
SAO PAULO,JARDIM PLANALTO,29
SAO PAULO,JARDIM KERALUX,29
OSASCO,PRESIDENTE ALTINO,29
TABOAO DA SERRA,JARDIM SAINT MORITZ,29
SAO PAULO,PARQUE TAIPAS,29
ITAPEVI,JARDIM ROSEMARY,29
SAO PAULO,UNIAO DE VILA NOVA,29
SANTO ANDRE,PARQUE JOAO RAMALHO,29
SAO PAULO,VILA INDUSTRIAL,28
SAO PAULO,CASTRO ALVES,28
SAO PAULO,VILA SANTA TEREZINHA,28
SAO PAULO,CIDADE DUTRA,28
SAO PAULO,PQ NOVO STO AMARO,28
SAO PAULO,JARDIM SAO PEDRO,28
SAO PAULO,VL MISSIONARIA,28
CARAPICUIBA,PARQUE JANDAIA,28
GUARULHOS,JARDIM PONTE ALTA,28
SAO PAULO,PARQUE DOS BANCARIOS,28
SAO PAULO,VILA CARMOSINA,28
SAO PAULO,JD SAO BERNARDO,27
OSASCO,PESTANA,27
SUZANO,MIGUEL BADRA ALTO,27
SAO PAULO,JARDIM VILA CARRAO,27
SAO PAULO,CONJUNTO RESIDENCIAL PRESTES MAIA,27
SANTO ANDRE,VILA PALMARES,27
SAO PAULO,JARDIM GERMANIA,27
SAO PAULO,JARDIM ITAPURA,27
SAO PAULO,FILHOS DA TERRA,27
SAO PAULO,VILA GILDA,27
SAO BERNARDO DO CAMPO,ALVES DIAS,27
SAO PAULO,TUCURUVI,27
SAO PAULO,VILA INDEPENDENCIA,27
SAO PAULO,JARDIM SANTA FE,27
GUARULHOS,PONTE GRANDE,27
MAUA,JARDIM ITAPARK,27
SAO PAULO,JD MATARAZZO,27
SAO PAULO,JARDIM REGINA,27
SAO PAULO,UNIAO VILA NOVA,26
SAO PAULO,PARQUE ARARIBA,26
GUARULHOS,JARDIM TRANQUILIDADE,26
SAO PAULO,JARDIM ITAJAI,26
MOGI DAS CRUZES,MOGI MODERNO,26
SAO BERNARDO DO CAMPO,DEMARCHI,26
SAO PAULO,PARQUE REBOUCAS,26
SAO PAULO,BARRA FUNDA,26
SAO PAULO,PANTANAL,26
SAO PAULO,JD DABRIL,26
BARUERI,PARQUE VIANA,26
SAO PAULO,PARADA XV DE NOVEMBRO,26
SAO PAULO,VILA TAQUARI,26
SANTO ANDRE,CONDOMINIO MARACANA,26
SAO PAULO,JARDIM ICARAI,26
GUARULHOS,CABUCU,26
SAO PAULO,CHACARA TRES MENINAS,26
SAO PAULO,VILA CONSTANCA,26
GUARULHOS,JARDIM NOVA CUMBICA,25
SAO PAULO,JARDIM VALQUIRIA,25
ITAPEVI,JARDIM SANTA RITA,25
SAO PAULO,JD JOAO XXIII,25
TABOAO DA SERRA,JARDIM SAO JUDAS TADEU,25
SAO PAULO,JARDIM SANTA MARIA,25
SAO PAULO,VILA BANCARIA MUNHOZ,25
SAO PAULO,JD NORDESTE,25
SANTO ANDRE,SITIO DOS VIANAS,25
SAO PAULO,MOINHO VELHO,25
SUZANO,JARDIM REVISTA,25
SAO PAULO,PARQUE FIGUEIRA GRANDE,25
SAO PAULO,JD FERNANDES,25
SAO PAULO,GLICERIO,25
SAO BERNARDO DO CAMPO,INDEPENDENCIA,25
SAO PAULO,JARDIM PAULISTANO,25
GUARULHOS,VILA AUGUSTA,24
SAO PAULO,JARDIM LEONIDAS MOREIRA,24
SAO PAULO,JARDIM NAKAMURA,24
SAO PAULO,VILA UNIAO,24
SAO PAULO,JD VERA CRUZ,24
SANTO ANDRE,PARQUE MIAMI,24
SAO PAULO,JARDIM ANHANGUERA,24
SANTO ANDRE,PARQUE CAPUAVA,24
SAO PAULO,VILA ALBERTINA,24
SAO PAULO,JARDIM BOA VISTA,24
SAO PAULO,JARDIM SANTO ANDRE,24
SAO PAULO,PARQUE INDEPENDENCIA,24
GUARULHOS,FATIMA,23
GUARULHOS,PARAVENTI,23
FERRAZ DE VASCONCELOS,PARQUE SAO FRANCISCO,23
SAO PAULO,CERQUEIRA CESAR,23
SAO PAULO,JARDIM CAMPINAS,23
SAO PAULO,JARDIM ARPOADOR,23
ITAPEVI,SANTA RITA,23
SAO PAULO,VILA CAMPO GRANDE,23
BARUERI,VALE DO SOL,23
SAO PAULO,PARQUE CASA DE PEDRA,23
SAO PAULO,JARDIM ESTER,23
SAO PAULO,VILA ZAT,23
SAO PAULO,JARDIM GUANHEMBU,23
BARUERI,CRUZ PRETA,23
SAO PAULO,JARDIM PERY ALTO,23
SAO PAULO,JARDIM PEDREIRA,23
SAO PAULO,JARDIM IPE,22
SAO PAULO,PARQUE GRAJAU,22
CAJAMAR,POLVILHO,22
SAO PAULO,VILA LIVIEIRO,22
RIBEIRAO PIRES,RIBEIRAO PIRES,22
ITAPEVI,AMADOR BUENO,22
SAO PAULO,EUCALIPTOS,22
SAO PAULO,PARQUE STO ANTONIO,22
SAO PAULO,VILA PRIMAVERA,22
SAO PAULO,ELISA MARIA,22
SANTO ANDRE,VILA SUICA,22
SAO PAULO,JD ANTARTICA,22
SAO PAULO,JARDIM PORTAL I E II,22
SAO PAULO,VILA ARAPUA,22
SAO PAULO,CONJUNTO PROMORAR,22
BARUERI,JARDIM TUPA,22
SAO PAULO,JD SHANGRILA,22
SAO PAULO,VILA VERDE,22
OSASCO,JARDIM VELOSO,22
SAO PAULO,SOCORRO,22
SAO PAULO,HIGIENOPOLIS,21
SAO BERNARDO DO CAMPO,SANTA TEREZINHA,21
SAO PAULO,JD GUARUJA,21
SAO PAULO,VILA ISOLINA MAZZEI,21
OSASCO,BONANCA,21
SAO PAULO,NOVO JAU,21
CAIEIRAS,LARANJEIRAS,21
SAO PAULO,VILA CLARA,21
BARUERI,VILA BOA VISTA,21
SAO PAULO,JD ELIANE,21
OSASCO,JARDIM MUTINGA,21
SAO PAULO,JARDIM SAO PAULO,21
SAO PAULO,VILA SANTA MARIA,21
SAO PAULO,VILA CAMPANELA,21
SAO PAULO,VILA MONUMENTO,21
SAO PAULO,JARDIM ADELFIORE,21
ITAPEVI,JARDIM PAULISTA,21
SAO PAULO,VILA SANTA CATARINA,21
SAO PAULO,JARDIM IMPERADOR,21
SAO PAULO,VILA CALU,21
SAO PAULO,JARDIM SAO JOAO,21
TABOAO DA SERRA,JARDIM SALETE,21
SAO BERNARDO DO CAMPO,JARDIM DAS ORQUIDEAS,21
SAO PAULO,VILA BANCARIA,21
SAO BERNARDO DO CAMPO,JORDANOPOLIS,21
SAO PAULO,CHACARA SANTO ANTONIO,20
BARUERI,CENTRO,20
CAIEIRAS,SERPA,20
SAO PAULO,JARDIM PARAGUACU,20
SAO PAULO,JARDIM SELMA,20
SAO PAULO,JARDIM PIRACUAMA,20
SAO PAULO,JARDIM CASTRO ALVES,20
SAO PAULO,JD SAO JOSE,20
SAO PAULO,VILA SOUZA,20
SAO PAULO,JARDIM CAPELINHA,20
SAO PAULO,VILA PREL,20
SANTO ANDRE,PARQUE ORATORIO,20
SAO PAULO,ERMELINO MATARAZO,20
SAO PAULO,CONJUNTO RESIDENCIAL JOSE BONIFACIO,20
SAO PAULO,VILA ESPANHOLA,20
SAO PAULO,VILA MALVINA,20
SAO PAULO,VILA DIONISIA,20
FERRAZ DE VASCONCELOS,VILA SAO PAULO,20
SAO PAULO,JARDIM IVA,20
SAO PAULO,JARDIM SAO LUIZ,20
SAO PAULO,VILA PERUS,20
SAO PAULO,JARDIM SAO JOSE,20
FRANCISCO MORATO,JARDIM ALEGRIA,20
SAO PAULO,VILA SARA,20
SAO PAULO,JARDIM DANFER,20
SAO PAULO,BOSQUE DA SAUDE,20
GUARULHOS,JARDIM LEBLON,20
SAO PAULO,JARDIM SAO BENTO,19
GUARULHOS,JARDIM FORTALEZA,19
ITAPECERICA DA SERRA,JARDIM SANTA JULIA,19
SAO PAULO,JARDIM MARILU,19
SAO PAULO,JARDIM IRENE,19
SANTO ANDRE,SACADURA CABRAL,19
GUARULHOS,VILA FATIMA,19
COTIA,PARQUE TURIGUARA,19
BARUERI,JARDIM PAULISTA,19
FRANCO DA ROCHA,PRETORIA,19
SAO PAULO,VILA TEREZINHA,19
SAO PAULO,PARQUE AMERICA,19
CARAPICUIBA,VILA DIRCE,19
SAO PAULO,BAIRRO DO LIMAO,19
SAO PAULO,JARDIM COLOMBO,19
GUARULHOS,PARQUE RESIDENCIAL BAMBI,19
SAO PAULO,VILA RAMOS,19
SUZANO,JARDIM GARDENIA,19
GUARULHOS,ANITA GARIBALDI,19
CARAPICUIBA,VILA CRISTINA,19
SAO PAULO,JD COLONIAL,19
SAO PAULO,JD ALMEIDA PRADO,19
SAO PAULO,JARDIM SAO BERNARDO,19
SAO PAULO,CHACARA BANDEIRANTES,19
SANTO ANDRE,VILA JOAO RAMALHO,19
MOGI DAS CRUZES,VILA BRASILEIRA,19
SAO PAULO,VILA BUENOS AIRES,19
SAO PAULO,PQ RAMOS FREITAS,19
SAO PAULO,VILA CARBONE,19
OSASCO,CENTRO,19
MOGI DAS CRUZES,VILA SAO PAULO,19
MOGI DAS CRUZES,VILA OLIVEIRA,18
SAO PAULO,JARDIM VISTA ALEGRE,18
SAO PAULO,JARDIM MARIA SAMPAIO,18
OSASCO,VILA YOLANDA,18
OSASCO,JARDIM DABRIL,18
FRANCISCO MORATO,JARDIM ROSAS,18
SAO BERNARDO DO CAMPO,RIACHO GRANDE,18
SAO PAULO,JARDIN SANTA BARBARA,18
GUARULHOS,CENTRO,18
COTIA,JARDIM NOVA COIMBRA,18
COTIA,CAUCAIA DO ALTO,18
SAO PAULO,JARDIM MARIA VIRGINIA,18
CARAPICUIBA,CENTRO,18
SAO PAULO,VILA MISSIONARIA,18
SAO PAULO,VILA SANTA LUCIA,18
SAO BERNARDO DO CAMPO,ASSUNCAO,18
SAO PAULO,MARCILAC,18
MAUA,JARDIM PARANAVAI,18
FRANCISCO MORATO,PARQUE CENTO E VINTE,18
SAO PAULO,JD ARPOADOR,18
SAO PAULO,PARQUE REGINA,18
SAO PAULO,JARDIM NOVE DE JULHO,18
DIADEMA,DIADEMA,18
SAO PAULO,VILA MORAES,18
ITAPEVI,JARDIM JULIETA,18
SAO PAULO,VILA GUACURI,18
SANTANA DE PARNAIBA,CIDADE SAO PEDRO,18
SAO PAULO,JD CASTRO ALVES,18
SAO PAULO,JARDIM DAS IMBUIAS,18
SAO PAULO,JD PERI ALTO,18
OSASCO,JAGUARIBE,18
SAO PAULO,VILA SAO JOSE,18
SAO PAULO,JARDIM DOMITILA,18
SAO PAULO,JARDIM TAMOIO,18
SAO PAULO,JARDIM MODELO,18
SAO CAETANO DO SUL,NOVA GERTY,17
SANTO ANDRE,CIDADE SAO JORGE,17
SANTO ANDRE,VILA LUTECIA,17
ITAPEVI,VILA SANTA RITA,17
POA,CIDADE KEMEL,17
SAO PAULO,JARDIM HELGA,17
SAO PAULO,PARQUE BOA ESPERANCA,17
SAO PAULO,JD GUARANI,17
SAO PAULO,JD MIRIAM,17
CARAPICUIBA,JARDIM MARIA BEATRIZ,17
GUARULHOS,TORRES TIBAGY,17
SAO PAULO,JARDIM COPACABANA,17
GUARULHOS,JARDIM PARAISO,17
SAO PAULO,JARDIM ELBA,17
CARAPICUIBA,VILA SANTA TEREZINHA,17
SAO PAULO,FAVELA JARDIM BONITO IV,17
SAO PAULO,PARQUE DO ENGENHO,17
SAO PAULO,JD VISTA ALEGRE,17
SAO PAULO,ALTO DE PINHEIROS,17
FERRAZ DE VASCONCELOS,VILA SANTO ANTONIO,17
SAO PAULO,VILA REGINA,17
SUZANO,PARQUE MARIA HELENA,17
TABOAO DA SERRA,JARDIM NOVO RECORD,17
CARAPICUIBA,JARDIM TONATO,17
SAO PAULO,JARDIM VERONIA,17
SAO PAULO,JARDIM CLIMAX,17
FERRAZ DE VASCONCELOS,VILA SANTA MARGARIDA,17
SAO PAULO,VILA ELIDA,16
OSASCO,KM 18,16
SAO PAULO,JARDIM NOVO SANTO AMARO,16
SAO PAULO,JARDIM PEDRA BRANCA,16
OSASCO,IAPI,16
OSASCO,CIDADE DAS FLORES,16
SAO PAULO,VILA NILO,16
MAUA,JARDIM CANADA,16
ITAPECERICA DA SERRA,JARDIM SAO MARCOS,16
SAO PAULO,VILA RIO BRANCO,16
GUARULHOS,AGUA CHATA,16
CARAPICUIBA,JARDIM PLANALTO,16
SAO PAULO,BURGO PAULISTA,16
MAUA,PARQUE SAO VICENTE,16
CARAPICUIBA,ALDEIA,16
SAO PAULO,PARQUE SAO PAULO,16
SANTO ANDRE,PARQUE DAS NACOES,16
TABOAO DA SERRA,JARDIM LEME,16
SANTO ANDRE,PARQUE NOVO ORATORIO,16
SAO BERNARDO DO CAMPO,NOVA PETROPOLIS,16
SAO PAULO,ARICANDUVA,16
SANTO ANDRE,JARDIM IRENE,16
SAO PAULO,VILA ITAIM,16
SAO PAULO,JARDIM MARIA RITA,16
CARAPICUIBA,VILA CRETI,16
SAO PAULO,PARQUE SAO DOMINGOS,16
TABOAO DA SERRA,JARDIM TRIANON,16
MOGI DAS CRUZES,JARDIM CAMILA,16
SAO PAULO,JARDIM ALPINO,16
SAO PAULO,VILA CARDOSO FRANCO,16
SAO PAULO,VILA CONTINENTAL,16
CARAPICUIBA,VILA GUSTAVO CORREIA,16
MOGI DAS CRUZES,VILA NATAL,16
SAO PAULO,JD ELIZA MARIA,16
SAO PAULO,RIO BONITO,16
SAO PAULO,CONJUNTO HABITACIONAL TEOTONIO VILELA,16
SAO PAULO,JARDIM PEDRO JOSE NUNES,15
SAO PAULO,PARQUE DE TAIPAS,15
SAO PAULO,JARDIM INGA,15
ITAPEVI,CHACARA SANTA CECILIA,15
SAO PAULO,JARDIM AMALIA,15
SAO PAULO,JARDIM LIDIA,15
SAO PAULO,JARDIM UMARIZAL,15
SAO PAULO,JARDIM ESTER YOLANDA,15
SAO PAULO,JARDIM CAPELA,15
SAO PAULO,VILA INGLESA,15
ITAPEVI,CONJUNTO HABITACIONAL SETOR A,15
SAO PAULO,VILA DOS PALMARES,15
SAO PAULO,VILA SANTANA,15
SAO PAULO,CONJUNTO HABITACIONAL BRIGADEIRO FARIA LIMA,15
SAO PAULO,VILA REMO,15
SANTO ANDRE,VILA CURUCA,15
MAUA,CHACARA MARIA APARECIDA,15
SAO PAULO,VILA TOLSTOI,15
OSASCO,QUITAUNA,15
SAO PAULO,JARDIM SANTA ADELIA,15
SAO PAULO,JD PAULISTANO,15
GUARULHOS,PARQUE DAS NACOES,15
SAO PAULO,JARDIM CABUCU,15
OSASCO,VILA DOS REMEDIOS,15
SAO PAULO,PARQUE DAS FLORES,15
SAO PAULO,JARDIM POPULAR,15
MOGI DAS CRUZES,CONJUNTO SANTO ANGELO,15
OSASCO,SANTO ANTONIO,15
SAO PAULO,JOVA RURAL,15
SANTO ANDRE,VILA CAMILOPOLIS,15
SAO PAULO,VILA IORIO,15
OSASCO,BELA VISTA,15
CARAPICUIBA,PARQUE ROSEIRA,15
SANTO ANDRE,CAMPESTRE,15
SAO PAULO,JARDIM VIRGINIA BIANCA,15
CAIEIRAS,VILA ROSINA,15
SANTO ANDRE,JARDIM CRISTIANE,15
SAO PAULO,JD ELIANA,14
CARAPICUIBA,ALTOS DE SANTA LUCIA,14
SAO PAULO,JARDIM DAYSY,14
SAO PAULO,JARDIM JARAGUA,14
SAO PAULO,JD EDITH,14
SAO PAULO,JARDIM DO LAGO,14
TABOAO DA SERRA,JARDIM DAS OLIVEIRAS,14
COTIA,PARQUE ALEXANDRE,14
SAO PAULO,JARDIM IRIS,14
SAO CAETANO DO SUL,OSWALDO CRUZ,14
SAO PAULO,JARDIM DOS ALAMOS,14
SAO PAULO,PARQUE DAS CEREJEIRAS,14
CARAPICUIBA,VILA MARTINS,14
SUZANO,JARDIM MAITE,14
BARUERI,JARDIM SILVEIRA,14
SAO PAULO,JARDIM SAO RAFAEL,14
SAO PAULO,COHAB PE MANUEL DA NOBREGA,14
ITAPECERICA DA SERRA,JARDIM DO CARMO,14
SAO PAULO,LOTEAMENTO VITORIA REGIA,14
SAO PAULO,VILA FRANCA,14
SAO PAULO,CITY JARAGUA,14
SAO PAULO,PROMORAR SAPOPEMBA,14
SAO PAULO,JARDIM VALE DAS VIRTUDES,14
SAO PAULO,PEDRA BRANCA,14
TABOAO DA SERRA,VILA INDIANA,14
SAO PAULO,PARQUE MONTEIRO SOARES,14
SAO PAULO,CHACARA COCAIA,14
FRANCISCO MORATO,JARDIM VASSOURAS,14
BARUERI,JARDIM TUPANCI,14
CARAPICUIBA,JARDIM ANGELA MARIA,14
FRANCISCO MORATO,JARDIM VASSOURAS II,14
SAO PAULO,JARDIM ARICANDUVA,14
SAO PAULO,JD VILA FORMOSA,14
SAO PAULO,JARDIM CACHOEIRA,14
RIBEIRAO PIRES,ALIANCA,14
SAO PAULO,JARDIM NOVO CARRAO,14
SAO PAULO,JD IRIS,14
TABOAO DA SERRA,JARDIM SCANDIA,14
ITAPEVI,JARDIM GIOIA,14
SAO PAULO,JARDIM SAO GONCALO,14
SAO PAULO,JD SAO JORGE,14
SAO PAULO,VILA AYROSA,14
GUARULHOS,JARDIM PALMIRA,14
SAO PAULO,JD BELEM,14
SAO PAULO,NICARAGUA,14
TABOAO DA SERRA,JARDIM SAPORITO,13
SAO PAULO,VILA VERMELHA,13
SAO PAULO,JARDIM ANTARTICA,13
COTIA,PARQUE MIGUEL MIRIZOLA,13
SAO PAULO,JD COIMBRA,13
SAO PAULO,JARDIM AEROPORTO,13
MAIRIPORA,CAPOAVINHA,13
FERRAZ DE VASCONCELOS,VILA ROMANOPOLIS,13
SANTO ANDRE,VILA SCARPELLI,13
SAO PAULO,PQ STO ANTONIO,13
SAO PAULO,HORTO DO YPE,13
SAO PAULO,PARQUE EUROPA,13
SAO PAULO,JARDIM GAIVOTAS,13
TABOAO DA SERRA,JARDIM MARIA LUIZA,13
CARAPICUIBA,COHAB 02,13
MOGI DAS CRUZES,VILA SAGRADO CORACAO DE MARIA,13
SAO PAULO,VILA HEBE,13
SAO PAULO,VILA RENATO,13
SAO PAULO,VILA GUMERCINDO,13
SAO PAULO,JARDIM MIRIAN,13
SAO CAETANO DO SUL,CERAMICA,13
ITAPECERICA DA SERRA,JARDIM DAS OLIVEIRAS,13
SAO PAULO,PARQUE SONIA,13
MAUA,VILA ASSIS BRASIL,13
SAO PAULO,VILA NOVA PIRAJUSSARA,13
SAO PAULO,CASA VERDE BAIXA,13
GUARULHOS,PARQUE PRIMAVERA,13
POA,JARDIM NOVA POA,13
TABOAO DA SERRA,PARQUE SAO JOAQUIM,13
MAUA,JARDIM MAUA,13
SAO PAULO,JARDIM OLINDA,13
SAO PAULO,JD VAZ DE LIMA,13
SAO PAULO,JARDIM JOANA DARC,13
SAO PAULO,PARQUE JABAQUARA,13
POA,VILA SANTA HELENA,13
SAO PAULO,PARQUE SAO JOSE,13
SAO PAULO,FAVELA JARDIM BONITO III,13
SAO CAETANO DO SUL,SANTA MARIA,13
GUARULHOS,JARDIM ANGELICA,13
MOGI DAS CRUZES,CENTRO,13
OSASCO,JARDIM SANTO ANTONIO,13
SAO PAULO,CONJUNTO HABITACIONAL CASTRO ALVES,13
FERRAZ DE VASCONCELOS,CONJUNTO RESIDENCIAL PRESIDENTE CASTELO BRANCO,13
SAO PAULO,VILA CONSTANCIA,13
SAO PAULO,PENHA DE FRANCA,13
BARUERI,RECANTO PHRYNEA,13
ITAPECERICA DA SERRA,JARDIM BRANCA FLOR,13
SAO PAULO,PARQUE SAO MIGUEL,12
SAO PAULO,VILA GRANADA,12
MAUA,JARDIM IPE,12
SAO PAULO,VILA DAS BELEZAS,12
SANTO ANDRE,RECREIO DA BORDA DO CAMPO,12
SAO PAULO,VILA ROMANA,12
SUZANO,PARQUE SANTA ROSA,12
SAO PAULO,VILA PAIVA,12
SAO PAULO,BRISTOL,12
SAO PAULO,VILA MATIAS,12
SAO PAULO,VILA DAS MERCES,12
SUZANO,JARDIM ALTEROPOLIS,12
SAO PAULO,JARDIM SETE DE SETEMBRO,12
SAO PAULO,JARDIM VARGINHA,12
ITAPEVI,JARDIM BRIQUET,12
SAO PAULO,JARDIM NORMA,12
GUARULHOS,CIDADE PARQUE ALVORADA,12
ITAQUAQUECETUBA,CAMPO LIMPO,12
SAO PAULO,JARDIM VILA FORMOSA,12
OSASCO,VILA OSASCO,12
SAO PAULO,PARADA DE TAIPAS,12
SAO PAULO,JARDIM TUPI,12
ITAQUAQUECETUBA,VILA MONTE BELO,12
SANTO ANDRE,JARDIM,12
SAO PAULO,JARDIM PARIS,12
GUARULHOS,JARDIM ARAPONGAS,12
SAO PAULO,LUZ,12
SAO PAULO,CONJUNTO HABITACIONAL PADRE MANOEL DA NOBREGA,12
SANTO ANDRE,VILA ASSUNCAO,12
ITAPEVI,JARDIM CRUZEIRO,12
SAO PAULO,VILA ARICANDUVA,12
SAO PAULO,JD CAPELINHA,12
SAO PAULO,IZOLINA MAZZEI,12
ITAPEVI,ALTO DA COLINA,12
GUARULHOS,PARQUE JUREMA,12
SUZANO,BOA VISTA,12
SAO PAULO,VILA JAGUARA,12
FERRAZ DE VASCONCELOS,VILA JAMIL,12
GUARULHOS,PONTE ALTA,12
SAO PAULO,VILA POMPEIA,12
CARAPICUIBA,COHAB 2,12
SAO PAULO,INTERLAGOS,12
SAO BERNARDO DO CAMPO,PARQUE LOS ANGELES,12
GUARULHOS,VILA ALZIRA,12
SAO PAULO,JARDIM ITATIAIA,12
CARAPICUIBA,VILA SAO JOSE,12
SAO PAULO,JARDIM SANTA EDWIGES,12
SAO PAULO,VILA EMIR,12
ITAPEVI,AREIAO,12
CARAPICUIBA,VILA CALDAS,12
ITAPEVI,JARDIM BELA VISTA,12
SAO PAULO,JARDIM AVENIDA,12
SAO PAULO,VILA PAULISTANA,12
GUARULHOS,PARQUE CONTINENTAL,11
SAO PAULO,VILA FAZZEONI,11
MAUA,VILA FEITAL,11
SAO PAULO,VILA CELESTE,11
COTIA,CENTRO,11
GUARULHOS,AGUA AZUL,11
ITAPECERICA DA SERRA,JARDIM SAO PEDRO,11
SAO PAULO,VILA MARIA BAIXA,11
SAO PAULO,JARDIM PANTANAL,11
SAO CAETANO DO SUL,SANTA PAULA,11
MAUA,JARDIM ELIZABETH,11
TABOAO DA SERRA,PARQUE MARABA,11
SAO PAULO,VILA CISPER,11
SAO PAULO,PARQUE NOVO SANTO AMARO,11
SAO PAULO,PARQUE RECREIO,11
SAO PAULO,JARDIM VISTA LINDA,11
SAO PAULO,CONJUNTO HABITACIONAL SENADOR TEOTONIO,11
SAO CAETANO DO SUL,FUNDACAO,11
CARAPICUIBA,VILA IZA,11
SUZANO,JARDIM MONTE CRISTO,11
MAUA,VILA NOVA MAUA,11
TABOAO DA SERRA,JARDIM PANORAMA,11
MOGI DAS CRUZES,BRAZ CUBAS,11
SUZANO,JARDIM SAO JOSE,11
SAO PAULO,JARDIM DOM JOSE,11
ITAPECERICA DA SERRA,EMBU MIRIM,11
SAO PAULO,JARDIM ITAPOLIS,11
FERRAZ DE VASCONCELOS,JARDIM CASTELO,11
FRANCO DA ROCHA,ESTANCIA LAGO AZUL,11
SAO PAULO,JD SANTA MARGARIDA,11
SAO PAULO,JARDIM BARTIRA,11
SANTO ANDRE,VILA LINDA,11
OSASCO,INDUSTRIAL ANHANGUERA,11
SANTO ANDRE,CENTREVILLE,11
SAO PAULO,SANTA FE,11
SAO PAULO,VILA AMALIA,11
CAIEIRAS,NOVA ERA,11
SAO PAULO,JD VARGINHA,11
SAO PAULO,JARDIM NOVO MARILDA,11
SAO PAULO,JARDIM IPORANGA,11
SAO PAULO,PROMORAR,11
SAO PAULO,VILA PAULISTA,11
CARAPICUIBA,JARDIM ANA MARIA,11
SAO PAULO,JD IPANEMA,11
SAO PAULO,JARDIM SAO NICOLAU,11
GUARULHOS,JARDIM MARILENA,11
SAO PAULO,PARQUE PENHA,11
SAO BERNARDO DO CAMPO,JARDIM CALUX,11
SAO PAULO,JARDIM SATELITE,11
SAO PAULO,JARDIM GUANABARA,11
TABOAO DA SERRA,SITIO DAS MADRES,11
SAO PAULO,PARQUE ITABERABA,11
GUARULHOS,PARQUE UIRAPURU,11
SAO PAULO,JARDIM ELEDY,11
SAO PAULO,JARDIM GUAIRACA,11
SAO PAULO,JARDIM MARIA ESTELA,11
SAO PAULO,JARDIM SAO GABRIEL,10
TABOAO DA SERRA,JARDIM MARIA HELENA,10
MAIRIPORA,JARDINS MAIRIPORA,10
SAO PAULO,JARDIM IRAPIRANGA,10
MOGI DAS CRUZES,JARDIM PLANALTO,10
SAO PAULO,JARDIM JERIVA,10
SAO PAULO,JARDIM NOVO HORIZONTE,10
SAO PAULO,JARDIM SANTANA,10
SAO PAULO,PARQUE PAINEIRAS,10
MAUA,JARDIM SONIA MARIA,10
SAO PAULO,JARDIM SANDRA,10
TABOAO DA SERRA,JARDIM MONTE ALEGRE,10
SANTO ANDRE,JARDIM IPANEMA,10
SAO PAULO,JARDIM SILVEIRA,10
POA,JARDIM SAO JOSE,10
SAO PAULO,PARQUE LIGIA,10
MAUA,JARDIM MIRANDA DAVIZ,10
SANTO ANDRE,PARQUE ERASMO ASSUNCAO,10
SAO PAULO,VILA MARARI,10
SANTO ANDRE,JARDIM STELLA,10
SAO PAULO,VILA NOVA MAZZEI,10
MOGI DAS CRUZES,JARDIM SAO PEDRO,10
SAO PAULO,JARDIM NOEMIA,10
CARAPICUIBA,VILA CAPRIOTTI,10
SAO PAULO,JARDIM MONTE LIBANO,10
SAO PAULO,PARQUE SAO LUIS,10
SAO PAULO,PQ CRUZEIRO DO SUL,10
SAO PAULO,PQ BOA ESPERANCA,10
FRANCISCO MORATO,JARDIM SILVIA,10
CARAPICUIBA,COHAB V,10
GUARULHOS,MONTE CARMELO,10
ITAPECERICA DA SERRA,RECREIO PRIMAVERA,10
FRANCO DA ROCHA,JARDIM PROGRESSO,10
SAO PAULO,VILA BERTIOGA,10
SAO PAULO,JARDIM CENTENARIO,10
FRANCO DA ROCHA,VILA BELA,10
ITAPEVI,JARDIM RAINHA,10
SAO PAULO,JARDIM DAMASCENO,10
CAIEIRAS,VERA TEREZA,10
SAO PAULO,CHACARA MAFALDA,10
GUARULHOS,CIDADE PARQUE BRASILIA,10
SAO PAULO,SP,10
GUARULHOS,JARDIM ISABEL,10
SAO PAULO,CHACARA BELENZINHO,10
SAO PAULO,VL PENTEADO,10
GUARULHOS,JARDIM GUILHERMINO,10
SAO PAULO,PARQUE BANCARIO,10
ITAPEVI,JARDIM HOKAIDO,10
SAO PAULO,VILA CLARICE,10
FRANCISCO MORATO,RECANTO FELIZ,10
GUARULHOS,PARQUE CECAP,10
SAO PAULO,PQ SAVOY CITY,10
ITAPECERICA DA SERRA,CHACARA SANTA MARIA,10
SAO CAETANO DO SUL,BOA VISTA,10
SAO PAULO,JARDIM ALVORADA,10
FERRAZ DE VASCONCELOS,JARDIM SAO FERNANDO,10
FERRAZ DE VASCONCELOS,JARDIM SAO JOAO,10
COTIA,JARDIM SANDRA,10
SUZANO,VILA AMORIM,10
SAO PAULO,JARDIM DAS PEDRAS,10
FERRAZ DE VASCONCELOS,JARDIM DAYSE,10
SAO PAULO,JARDIM CORISCO,10
SAO PAULO,VILA BRASILIO MACHADO,10
FRANCISCO MORATO,JARDIM OLGA,10
GUARULHOS,PARQUE CONTINENTAL II,10
SAO PAULO,GUARAPIRANGA,10
SAO PAULO,VILA ANASTACIO,9
SAO PAULO,VILA LEONOR,9
SUZANO,VILA URUPES,9
COTIA,JARDIM ARARUAMA,9
SAO PAULO,VILA PEREIRA BARRETO,9
TABOAO DA SERRA,JARDIM DAS MARGARIDAS,9
SAO CAETANO DO SUL,OLIMPICO,9
MAUA,ALTO DA BOA VISTA,9
SAO PAULO,JARDIM MARIA DUARTE,9
MAUA,JARDIM MARIA ENEIDA,9
TABOAO DA SERRA,JARDIM COMUNITARIO,9
SAO PAULO,VILA DIVA,9
SAO PAULO,PARQUE PAIOLZINHO,9
CARAPICUIBA,PARQUE SANTA TERESA,9
SAO PAULO,VILA BELA VISTA,9
GUARULHOS,JARDIM ROSA DE FRANCA,9
COTIA,JARDIM COTIA,9
GUARULHOS,PARQUE MIKAIL II,9
SAO PAULO,BALNEARIO MAR PAULISTA,9
SAO PAULO,ALTO DA LAPA,9
GUARULHOS,JARDIM SANTA INES,9
GUARULHOS,BASP,9
SAO PAULO,JARDIM PRESIDENTE,9
SAO PAULO,REAL PARQUE,9
SAO PAULO,JARDIM BOTUCATU,9
SAO PAULO,PQ DAS FLORES,9
SUZANO,VILA FIGUEIRA,9
SAO PAULO,VILA CARIOCA,9
SAO PAULO,JARDIM NOVO ORIENTE,9
SUZANO,PARQUE RESIDENCIAL CASA BRANCA,9
SAO PAULO,LAR NACIONAL,9
SAO PAULO,CONJUNTO HABITACIONAL MARECHAL MASCARENHAS DE MORAIS,9
SAO PAULO,JARDIM ADUTORA,9
FERRAZ DE VASCONCELOS,JARDIM SAO LAZARO,9
SAO PAULO,VILA ALZIRA,9
SAO PAULO,JARDIM NELIA,9
COTIA,ALTOS DE CAUCAIA,9
MOGI DAS CRUZES,VILA CAPUTERA,9
SAO PAULO,PARQUE MARIA HELENA,9
SAO PAULO,JARDIM MARINGA,9
GUARULHOS,JARDIM ANNA,9
SAO PAULO,PIQUERI,9
GUARULHOS,INVERNADA,9
SAO PAULO,VILA DALILA,9
SAO PAULO,JARDIM CONSORCIO,9
SAO PAULO,VILA DOMITILA,9
EMBU-GUACU,PARQUE SAO PAULO,9
SAO PAULO,PILOES,9
SAO PAULO,JARDIM PIRATININGA,9
SAO PAULO,CONJ HAB PADRE JOSE DE ANCHIETA,9
SAO PAULO,VILA CUNHA BUENO,9
CARAPICUIBA,VILA LOURDES,9
MOGI DAS CRUZES,ALTO DO IPIRANGA,9
SAO PAULO,JD RODOLFO PIRANE,9
SAO PAULO,JD SANTA FE,9
SAO PAULO,JARDIM CAMPO LIMPO,9
SAO CAETANO DO SUL,BARCELONA,9
SAO PAULO,JARDIM EVANA,9
SAO PAULO,JD DAS PEDRAS,9
ITAQUAQUECETUBA,JARDIM NOSSA SENHORA DAJUDA,9
SANTANA DE PARNAIBA,CHACARA SOLAR III,9
SAO PAULO,JARDIM FILHOS DA TERRA,9
SANTANA DE PARNAIBA,VARZEA,9
COTIA,NOSSA SENHORA DAS GRACAS,9
SAO PAULO,VILA FLAVIA,9
ITAQUAQUECETUBA,CORREDOR,9
SAO PAULO,JARDIM SANTO ELIAS,9
COTIA,MIRANTE DA MATA,9
SAO PAULO,JARDIM FERNANDES,9
ITAPEVI,JARDIM CARDOSO,9
SANTO ANDRE,JARDIM TELLES DE MENEZES,9
COTIA,JARDIM ROSEMARY,9
CARAPICUIBA,JARDIM ALVORADA,9
SANTO ANDRE,VILA GUARACIABA,9
SANTO ANDRE,CATA PRETA,9
SAO PAULO,VILA FIRMIANO PINTO,9
SAO PAULO,JARDIM UMUARAMA,9
ITAPEVI,CONJUNTO HABITACIONAL,9
ITAPEVI,COHAB I,9
SANTO ANDRE,VILA GUARANI,9
SANTO ANDRE,VILA FLORESTA,9
SAO BERNARDO DO CAMPO,DER,9
SAO PAULO,VILA SANTA CLARA,9
SANTO ANDRE,VILA HUMAITA,9
CARAPICUIBA,JARDIM SANTO ESTEVAO,9
SANTO ANDRE,VILA LUCINDA,9
SANTO ANDRE,JARDIM ALZIRA FRANCO,9
ITAPECERICA DA SERRA,JARDIM IDEMORI,9
TABOAO DA SERRA,JARDIM SILVIO SAMPAIO,9
SAO PAULO,JARDIM INDEPENDENCIA,9
CARAPICUIBA,PARQUE FLORIDA,9
CARAPICUIBA,COHAB,9
SAO PAULO,RIVIERA,9
SAO PAULO,VILA HORTENCIA,9
CARAPICUIBA,JARDIM SAO DANIEL,9
SANTANA DE PARNAIBA,BAIRRO 120,9
TABOAO DA SERRA,JARDIM SUINA,9
SAO PAULO,JARDIM CINCO DE JULHO,8
GUARULHOS,CIDADE ARACILIA,8
ARUJA,ARUJAMERICA,8
FERRAZ DE VASCONCELOS,JARDIM YONE,8
SAO PAULO,PARQUE DO OTERO,8
SAO PAULO,JARDIM FLAMENGO,8
SAO PAULO,JARDIM COLORADO,8
SAO PAULO,VILA DA PAZ,8
SANTANA DE PARNAIBA,SAO PEDRO,8
SAO PAULO,JARDIM NOVA GERMANIA,8
CARAPICUIBA,JARDIM HERMINIA,8
FERRAZ DE VASCONCELOS,CIDADE KEMEL,8
FRANCO DA ROCHA,PARQUE MONTREAL,8
SAO PAULO,SAO LUIS,8
MOGI DAS CRUZES,JARDIM MODELO,8
FRANCISCO MORATO,JARDIM NOVA ESPERANCA,8
SAO PAULO,JARDIM VITORIA,8
SAO PAULO,JORDANOPOLIS,8
SANTO ANDRE,VILA PIRES,8
BARUERI,JARDIM AUDIR,8
CARAPICUIBA,VILA MERCES,8
MOGI DAS CRUZES,VILA SUISSA,8
TABOAO DA SERRA,JARDIM HENRIQUETA,8
SAO PAULO,CONJ BARRO BRANCO,8
SAO PAULO,VILA ZILDA,8
MOGI DAS CRUZES,CEZAR DE SOUZA,8
SAO PAULO,COLONIA,8
BARUERI,JARDIM JULIO,8
SAO PAULO,NOSSA SENHORA DO O,8
ITAPEVI,PARQUE BOA ESPERANCA,8
SAO PAULO,JARDIM MARILDA,8
CARAPICUIBA,VILA MARCONDES,8
FERRAZ DE VASCONCELOS,VILA CRISTINA,8
BARUERI,JARDIM MARIA HELENA,8
SAO PAULO,PARQUE DO LAGO,8
SANTANA DE PARNAIBA,PARQUE SANTANA,8
SAO PAULO,JD CAPELA,8
SANTO ANDRE,SANTA TEREZINHA,8
SAO PAULO,JARDIM ELIANE,8
SAO PAULO,JARDIM LUSO,8
SAO PAULO,CEU AZUL,8
SAO PAULO,VILA LUCIA,8
SAO PAULO,VILA CAIUBA,8
SAO PAULO,JARDIM MONTE ALEGRE,8
SAO PAULO,JARDIM DAS FONTES,8
SAO PAULO,VILA GUSTAVO,8
ITAPECERICA DA SERRA,POTUVERA,8
COTIA,JARDIM CLAUDIO,8
SAO PAULO,ALTO DA BOA VISTA,8
COTIA,RECANTO DOS VICTORS,8
SANTO ANDRE,JARDIM UTINGA,8
ITAPECERICA DA SERRA,JARDIM VALO VELHO,8
MOGI DAS CRUZES,VILA LAVINIA,8
COTIA,AGUA ESPRAIADA,8
SAO BERNARDO DO CAMPO,PARQUE SAO RAFAEL,8
SAO PAULO,JARDIM JANGADEIRO,8
SAO PAULO,JARDIM SANTA LUCIA DO GUACURI,8
SAO PAULO,MONTE AZUL,8
SAO PAULO,VILA SAO PAULO,8
SAO PAULO,PARQUE SANTA BARBARA,8
SAO PAULO,JARDIM SANTA EMILIA,8
COTIA,PARQUE RIZZO,8
SAO PAULO,JD GAIVOTAS,8
COTIA,VILA CLARA,8
SANTANA DE PARNAIBA,FAZENDINHA,8
SAO PAULO,VILA MADALENA,8
SAO PAULO,JARDIM MALIA,8
SUZANO,JARDIM CASA BRANCA,8
SUZANO,VILA FATIMA,8
SAO PAULO,VILA NOVA UTINGA,8
MOGI DAS CRUZES,VILA POMAR,8
SAO PAULO,VILA MONTE ALEGRE,8
SANTANA DE PARNAIBA,JARDIM SAO LUIZ,8
SUZANO,JARDIM CACIQUE,8
MOGI DAS CRUZES,VILA PAULISTA,8
SAO PAULO,JARDIM MARCELO,8
SAO PAULO,PARQUE RESIDENCIAL DOS LAGOS,8
MOGI DAS CRUZES,PORTEIRA PRETA,8
SAO PAULO,JARDIM MARAJOARA,8
MAUA,JARDIM ROSINA,8
SAO PAULO,JARDIM PRUDENCIA,8
SAO PAULO,SOUZA DANTAS,8
ITAQUAQUECETUBA,PARQUE RESIDENCIAL MARENGO,8
MAUA,JARDIM ITAPEVA,8
SAO PAULO,JD CECI,8
COTIA,JARDIM JAPAO,8
TABOAO DA SERRA,JARDIM SANTO ONOFRE,8
CAIEIRAS,JARDIM PINHEIROS,8
SAO PAULO,PQ SANTANA,7
ARUJA,CENTRO,7
SANTO ANDRE,VILA HOMERO THON,7
MOGI DAS CRUZES,VILA JUNDIAI,7
SAO PAULO,FURNAS,7
CARAPICUIBA,JARDIM GUIOMAR,7
SAO PAULO,VILA CARAGUATA,7
SAO PAULO,JARDIM ANTONIETA,7
SANTO ANDRE,VILA HELENA,7
SAO PAULO,PARQUE NOVA SANTO AMARO,7
SAO PAULO,FAVELA CAMPO DE FORA,7
CARAPICUIBA,JARDIM NOVA CARAPICUIBA,7
SAO PAULO,GRANJA JULIETA,7
SAO PAULO,PARQUE SANTA EDWIGES,7
SAO PAULO,EMBURA,7
OSASCO,JARDIM BONANCA,7
SAO BERNARDO DO CAMPO,JARDIM OLAVO BILAC,7
SAO PAULO,VILA BOM JARDIM,7
TABOAO DA SERRA,PARQUE MONTE ALEGRE,7
SAO PAULO,BOTURUSSU,7
SAO PAULO,BORTOLANDIA,7
SAO PAULO,JARDIM MADALENA,7
SAO PAULO,BALNEARIO SAO JOSE,7
SAO PAULO,VILA GUIOMAR,7
SAO PAULO,JARDIM ELIANA,7
SAO PAULO,JARDIM LILAH,7
SAO PAULO,ARARIBA,7
RIBEIRAO PIRES,OURO FINO,7
SAO PAULO,VILA BANDEIRANTES,7
RIBEIRAO PIRES,SANTA LUZIA,7
SAO PAULO,JARDIM DOS MANACAS,7
SAO PAULO,JARDIM DAS NACOES,7
SAO PAULO,AGUA BRANCA,7
SAO CAETANO DO SUL,VILA SAO JOSE,7
SAO PAULO,JARDIM DOS EUCALIPTOS,7
SANTANA DE PARNAIBA,PARQUE DOS EUCALIPTOS,7
MOGI DAS CRUZES,VILA CINTRA,7
OSASCO,VILA YARA,7
SAO PAULO,JARDIM CARAGUATA,7
SANTO ANDRE,JARDIM BELA VISTA,7
SAO PAULO,CUPECE,7
CARAPICUIBA,JARDIM COPIUVA,7
SANTO ANDRE,JARDIM ALVORADA,7
SANTO ANDRE,JARDIM ACLIMACAO,7
OSASCO,JARDIM DAS FLORES,7
SAO PAULO,JARDIM GONZAGA,7
SAO PAULO,VILA BRASIL,7
SAO PAULO,PARQUE RESIDENCIAL,7
SAO PAULO,CHACARA GAIVOTAS,7
OSASCO,METALURGICOS,7
CARAPICUIBA,JARDIM ANGELICA,7
SAO PAULO,VILA COSTA MELO,7
OSASCO,PARQUE BANDEIRANTES,7
SAO PAULO,JARDIM CELESTE,7
BARUERI,JARDIM SANTA MONICA,7
SAO PAULO,VILA IOLANDA II,7
BARUERI,JARDIM TATIANA,7
SANTO ANDRE,CASA BRANCA,7
FERRAZ DE VASCONCELOS,JARDIM MARIA CECILIA,7
SAO PAULO,JARDIM MORAES PRADO,7
SAO PAULO,SITIO DO MANDAQUI,7
SAO PAULO,JARDIM SANTA MONICA,7
SAO PAULO,JD PROGRESSO,7
SAO PAULO,VILA NOVA PERUS,7
SUZANO,CIDADE MIGUEL BADRA,7
TABOAO DA SERRA,JARDIM MARIA ROSA,7
COTIA,PARQUE SANTA RITA DE CASSIA,7
GUARULHOS,VILA UNIAO,7
JANDIRA,PARQUE IGLESIAS,7
COTIA,JARDIM ISIS,7
SAO PAULO,VILA REGENTE FEIJO,7
SAO PAULO,VILA RICA,7
SAO PAULO,JD FLOR DE MAIO,7
SAO PAULO,JD SANTO EDUARDO,7
COTIA,JARDIM LEONOR,7
SAO PAULO,JARDIM SAO JUDAS TADEU,7
SAO PAULO,JD SAO VICENTE,7
ITAPECERICA DA SERRA,JARDIM CINIRA,7
ITAPECERICA DA SERRA,JARDIM HORIZONTE AZUL,7
SAO PAULO,VILA RUBI,7
ITAPECERICA DA SERRA,MOMBACA,7
FRANCISCO MORATO,JARDIM SAO JOAO,7
FRANCISCO MORATO,JARDIM SANTA CATARINA,7
FRANCISCO MORATO,JARDIM ROSA,7
MAIRIPORA,BOM JESUS DA TERRA PRETA,7
MAIRIPORA,CENTRO,7
SAO PAULO,JARDIM PATENTE,7
FRANCO DA ROCHA,VILA LANFRANCHI,7
SAO PAULO,JD MARILIA,7
COTIA,JARDIM SAO MIGUEL,7
DIADEMA,SANTA RITA,7
SAO PAULO,VILA PAULO SILAS,7
GUARULHOS,JARDIM CENTENARIO,7
SAO PAULO,JD NICARAGUA,7
MAIRIPORA,TERRA PRETA,7
GUARULHOS,JARDIM ARUJA,7
GUARULHOS,JARDIM ANSALCA,7
SAO PAULO,JD IV CENTENARIO,7
SAO PAULO,JD NOVO PARELHEIROS,7
TABOAO DA SERRA,CHACARA AGRINDUS,7
GUARULHOS,ITAIM,7
SAO PAULO,JARDIM RUBILENE,7
SAO PAULO,PARQUE AMAZONAS,7
GUARULHOS,JARDIM SANTO AFONSO,7
SAO PAULO,VARGINHA,7
SAO PAULO,JARDIM SABIA,7
SAO PAULO,JARDIM SANTA AMELIA,7
GUARULHOS,JARDIM SILVESTRE,7
MAUA,JARDIM PRIMAVERA,7
SAO PAULO,PARQUE BUTURUSSU,7
GUARULHOS,MORRO GRANDE,7
SAO PAULO,VILA SANTA INES,7
SAO PAULO,JARDIM ROMANO,7
TABOAO DA SERRA,JARDIM GUAYANA,7
FERRAZ DE VASCONCELOS,JARDIM JULIANA,7
SAO PAULO,JD BANDEIRANTES,7
FERRAZ DE VASCONCELOS,VILA CORREA,7
FERRAZ DE VASCONCELOS,VILA JUREMA,7
COTIA,JARDIM RECANTO SUAVE,7
SAO PAULO,JARDIM SONIA INGA,7
ITAQUAQUECETUBA,ARACARE,7
MOGI DAS CRUZES,JARDIM PIATA,7
ITAPEVI,CONJUNTO HABITACIONAL SETOR D,7
ITAQUAQUECETUBA,JARDIM NICEA,7
SAO PAULO,JARDIM VERGUEIRO,7
TABOAO DA SERRA,JARDIM HELENA,7
MOGI DAS CRUZES,JARDIM AEROPORTO I,7
SAO PAULO,USINA PIRATININGA,7
COTIA,JARDIM NOSSA SENHORA DAS GRACAS,7
SAO PAULO,VILA NATALIA,7
COTIA,JARDIM NOVA VIDA,6
CAJAMAR,JORDANESIA,6
SAO BERNARDO DO CAMPO,CIDADE MIRAMAR,6
GUARULHOS,JARDIM SANTA EDWIRGES,6
ITAPEVI,JARDIM RUTH,6
CARAPICUIBA,PARQUE SAMPAIO VIANA,6
ITAPEVI,JARDIM SAO PAULO,6
SANTO ANDRE,PARQUE MARAJOARA,6
SAO PAULO,JARDIM SANTA BARBARA,6
SAO PAULO,JD IMPERADOR,6
CARAPICUIBA,JARDIM ALICE,6
COTIA,JARDIM PANORAMA,6
SAO PAULO,JD ITAPURA II,6
SAO PAULO,JARDIM TREMEMBE,6
SAO PAULO,BARRAGEM,6
SAO PAULO,VILA JOANIZA,6
SAO PAULO,SETE PRAIAS,6
SAO PAULO,BROOKLIN PAULISTA,6
SAO PAULO,JARDIM KIOTO,6
SAO PAULO,BROOKLIN,6
CARAPICUIBA,JARDIM DAS BELEZAS,6
GUARULHOS,JARDIM MONTE ALTO,6
ITAQUAQUECETUBA,CAIUBY,6
CARAPICUIBA,RECANTO CAMPY,6
RIBEIRAO PIRES,RONCON,6
RIBEIRAO PIRES,SAO CAETANINHO,6
TABOAO DA SERRA,ARRAIAL PAULISTA,6
SAO PAULO,TEREZINHA,6
COTIA,JARDIM DA GLORIA,6
SANTO ANDRE,VILA PRINCIPE DE GALES,6
ITAPEVI,RESIDENCIAL VALE DO SOL,6
SAO PAULO,VILA JULIA,6
TABOAO DA SERRA,JARDIM CLEMENTINO,6
SAO BERNARDO DO CAMPO,BOTUJURU,6
SAO PAULO,JD ATALIBA LEONEL,6
SANTO ANDRE,PARAISO,6
SAO PAULO,V AMELIA,6
GUARULHOS,SAO DOMINGOS,6
JANDIRA,JARDIM GABRIELA 1,6
SAO PAULO,VILA BARUEL,6
MAUA,CHACARA MARIA FRANCISCA,6
ITAPECERICA DA SERRA,CRISPIM,6
SAO PAULO,PARQUE SANTA AMELIA,6
SANTO ANDRE,JARDIM LAS VEGAS,6
ITAPEVI,JARDIM ITACOLOMI,6
SAO BERNARDO DO CAMPO,TATETOS,6
ITAPECERICA DA SERRA,ITAQUACIARA,6
SAO PAULO,PARQUE FLORESTAL,6
SAO PAULO,VILA FANTON,6
SAO PAULO,JARDIM FLORESTA,6
TABOAO DA SERRA,JARDIM SAO SALVADOR,6
ITAQUAQUECETUBA,RECANTO MONICA,6
ITAPECERICA DA SERRA,LAGOA,6
SAO PAULO,JARDIM SAO ROBERTO,6
SANTO ANDRE,JARDIM DAS MARAVILHAS,6
SAO PAULO,VILA ESTER,6
SAO BERNARDO DO CAMPO,JARDIM SILVINA,6
SANTO ANDRE,JARDIM CIPRESTE,6
SANTO ANDRE,JARDIM ANA MARIA,6
SAO PAULO,JARDIM IPANEMA,6
SAO PAULO,VILA FIDALGO,6
SAO PAULO,JARDIM HERPLIN,6
COTIA,JARDIM LAVAPES,6
SANTO ANDRE,JD ACLIMACAO,6
GUARULHOS,VALE DOS MACHADOS,6
SAO PAULO,VILA PROGRESSO,6
ITAPEVI,JARDIM PORTELA,6
TABOAO DA SERRA,JARDIM MIRNA,6
COTIA,PARQUE SAO JORGE,6
SANTO ANDRE,JARDIM SOROCABA,6
SAO BERNARDO DO CAMPO,VILA VIVALDI,6
SAO PAULO,TENANDE PORA,6
SAO PAULO,JARDIM DIONISIO,6
SAO PAULO,PARQUE FONGARO,6
SANTANA DE PARNAIBA,CRISTAL PARK,6
SAO PAULO,JARDIM SANTO EDUARDO,6
SAO PAULO,PARQUE PLANALTO,6
SAO PAULO,VILA SAO DOMINGOS,6
SANTO ANDRE,JARDIM SANTO ALBERTO,6
SAO PAULO,PARQUE SANTA CECILIA,6
SAO PAULO,VILA BEATRIZ,6
SAO PAULO,JARDIM HERCULANO,6
JANDIRA,JARDIM NOSSA SENHORA DE FATIMA,6
SAO PAULO,PARQUE BOLOGNE,6
SAO PAULO,JARDIM ROSA MARIA,6
SAO PAULO,VILA CONCEICAO,6
FRANCO DA ROCHA,CHACARA DO ROSARIO,6
SAO PAULO,JD SANTA BARBARA,6
BARUERI,JARDIM ITAPARICA,6
SAO PAULO,JD S MARIA,6
CARAPICUIBA,VILA DA OPORTUNIDADE,6
SAO PAULO,COLONIA ZONA LESTE,6
OSASCO,UMUARAMA,6
SAO PAULO,PARQUE NOVO GRAJAU,6
SAO PAULO,JARDIM CASABLANCA,6
MOGI DAS CRUZES,JARDIM SANTOS DUMONT II,6
SUZANO,JARDIM LUELLA,6
SAO PAULO,CJ MANOEL DE NOBREGA,6
SAO PAULO,VILA MAZZEI,6
SAO PAULO,JARDIM PORTEIRA GRANDE,6
SAO PAULO,JARDIM PRIMAVERA,6
MOGI DAS CRUZES,VILA SOCORRO VELHO,6
SAO PAULO,VILA MARCELO,6
SAO PAULO,JARDIM ARUA,6
SAO PAULO,SANTA IFIGENIA,6
MAUA,VILA INDEPENDENCIA,6
SAO PAULO,JD SAO DOMINGOS,6
SAO PAULO,PQ SAO LUCAS,6
SAO PAULO,JARDIM ORIENTAL,6
MOGI DAS CRUZES,JARDIM ESPERANCA,6
BARUERI,ALPHAVILLE,6
SAO PAULO,JD VILMA FLOR,6
SAO PAULO,JARDIM PALMARES,6
SAO PAULO,CONJUNTO RESIDENCIAL JARDIM CANAA,6
SAO PAULO,JARDIM BOA ESPERANCA,6
SUZANO,JARDIM SAO BERNARDINO,6
SAO PAULO,JARDIM BELA VISTA,6
SAO PAULO,VILA MARTE,6
TABOAO DA SERRA,JARDIM SANTA TEREZINHA,6
SAO PAULO,JD SOUZA,6
SAO PAULO,FAVELA SAO JOAO V,6
BARUERI,JARDIM DO LIBANO,6
SAO PAULO,VILA NOVA CURUCA,6
TABOAO DA SERRA,JARDIM SANTA ROSA,6
FRANCISCO MORATO,RECANTO REGINA,6
COTIA,CHACARA VISTA ALEGRE,6
SUZANO,JARDIM VARAN,6
SAO PAULO,CONJUNTO HABITACIONAL BARREIRA GRANDE,6
SAO PAULO,VILA OLINDA,6
SAO PAULO,PADRE JOSE DE ANCHIETA,6
FRANCISCO MORATO,JARDIM NOSSA SENHORA APARECIDA,6
EMBU-GUACU,PARQUE INDUSTRIAL,6
MOGI DAS CRUZES,VILA MOGILAR,6
SAO PAULO,CAXINGUI,6
MOGI DAS CRUZES,VILA NOVA APARECIDA,6
SAO PAULO,JARDIM REIMBERG,6
SAO PAULO,VILA PATRIMONIAL,6
FERRAZ DE VASCONCELOS,VILA MARIANA,6
EMBU-GUACU,FILIPINHO,6
SAO PAULO,JARDIM ALMEIDA PRADO,6
POA,VILA PERRACINE,6
SAO PAULO,PARQUE BELEM,6
SAO PAULO,CHACARA INGLESA,6
POA,JARDIM PLANALTO,6
SUZANO,JARDIM EUROPA,6
SAO PAULO,JD MIRNA,6
MAUA,JARDIM LUZITANO,6
FERRAZ DE VASCONCELOS,JARDIM SAO JOSE,6
SAO PAULO,VILA LIBANEZA,6
TABOAO DA SERRA,JARDIM ROBERTO,6
SAO PAULO,ITABERABA,6
MOGI DAS CRUZES,PARQUE SANTANA,6
SAO PAULO,CHACARA SAO SILVESTRE,6
RIBEIRAO PIRES,COLONIA,6
BARUERI,NOVA ALDEINHA,6
ARUJA,JARDIM PINHEIRO,6
SAO PAULO,JARDIM DA LARANJEIRA,6
SAO PAULO,JARDIM APUANA,6
SAO PAULO,JARDIM BELEM,5
SAO PAULO,VILA CAJU,5
ITAPECERICA DA SERRA,SANTA JULIA,5
SAO PAULO,FAVELA DO SAPE,5
SAO PAULO,RUA EVOLUCAO,5
MOGI DAS CRUZES,VILA INDUSTRIAL,5
FRANCISCO MORATO,JARDIM BANDEIRANTES,5
SANTO ANDRE,VILA JUNQUEIRA,5
SANTO ANDRE,VILA LUZITA,5
SAO PAULO,JARDIM ALFREDO,5
SAO BERNARDO DO CAMPO,DOS FINCO,5
SAO PAULO,JARDIM AURORA,5
FRANCISCO MORATO,BELEM CAPELA,5
COTIA,MARA LUCIA,5
SAO PAULO,JD VERGUEIRO,5
VARGEM GRANDE PAULISTA,PARQUE DO AGRESTE,5
SAO PAULO,JARDIM ATALIBA LEONEL,5
FERRAZ DE VASCONCELOS,VILA SOFIA,5
SAO PAULO,SANTA ETELVINA CIDADE TIRADENTES,5
ARUJA,JORDANOPOLIS,5
SAO PAULO,JARDIM ABRANTES,5
ITAPEVI,PARQUE WEY,5
SAO PAULO,MORRO DOCE ITABERABA 1,5
SAO PAULO,GRIMALDI,5
ITAPEVI,RESIDENCIAL COLINAS DE SAO JOSE,5
SAO BERNARDO DO CAMPO,ANCHIETA,5
SAO PAULO,NOVO AMERICA,5
FERRAZ DE VASCONCELOS,JARDIM FREIRE,5
SAO PAULO,JD ARIZE,5
SAO PAULO,GAIVOTAS,5
SAO PAULO,VL NOVA CACHOEIRINHA,5
ITAPEVI,VILA DOUTOR CARDOSO,5
SAO PAULO,CONJUNTO HABITACIONAL PADRE JOSE DE ANCHIETA,5
TABOAO DA SERRA,JARDIM FREITAS JUNIOR,5
SUZANO,JARDIM SANTA HELENA,5
SAO PAULO,JD POPULAR,5
SAO PAULO,CIDADE CENTENARIO,5
SAO PAULO,JARDIM DAS LARANJEIRAS,5
SAO PAULO,JARDIM CLARICE,5
SAO PAULO,JD IPORA,5
SAO PAULO,ALTO DA MOOCA,5
SUZANO,JARDIM IMPERADOR,5
TABOAO DA SERRA,CIDADE INTERCAP,5
BARUERI,PARQUE DAS NACOES,5
SUZANO,JARDIM GRAZIELA,5
SAO PAULO,JD IRAPIRANGA,5
GUARULHOS,JARDIM SANTA RITA,5
SAO PAULO,BALNEARIO SAO FRANCISCO,5
EMBU-GUACU,FLORIDA,5
TABOAO DA SERRA,PARQUE JACARANDA,5
SAO PAULO,CHACARA BANANAL,5
CAJAMAR,CENTRO,5
SUZANO,JARDIM CAXANGA,5
SAO PAULO,RESIDENCIAL VILELA,5
SAO PAULO,CARANDIRU,5
GUARULHOS,JARDIM OTTAWA,5
SAO PAULO,JD JORDANOPOLIS,5
SAO PAULO,JARDIM DABRIL,5
GUARULHOS,JARDIM DOS EUCALIPTOS,5
SUZANO,JARDIM BELEM,5
SAO PAULO,BRASILANDIA 166,5
SAO PAULO,SETE PRAIA,5
SAO PAULO,PARQUE SANTO EDUARDO,5
SAO CAETANO DO SUL,SANTO ANTONIO,5
GUARULHOS,SANTA INES,5
SAO PAULO,JD MARIA AMALIA,5
SAO PAULO,JARDIM EDDA,5
ITAPECERICA DA SERRA,PALMEIRAS,5
SAO PAULO,JD SUZANA,5
SAO BERNARDO DO CAMPO,PARQUE DAS GARCAS,5
SAO PAULO,SAO JANUARIO,5
VARGEM GRANDE PAULISTA,JARDIM BELA VISTA,5
ITAPECERICA DA SERRA,JARDIM SONIA MARIA,5
SAO PAULO,JD EDDA,5
ITAPECERICA DA SERRA,JARDIM MONTESANO,5
CARAPICUIBA,CHACARA SAO JOAO,5
ITAPECERICA DA SERRA,JARDIM ANALANDIA,5
SAO PAULO,JARDIM BRITANIA,5
VARGEM GRANDE PAULISTA,CHACARA PORTAO VERMELHO,5
SAO PAULO,JARDIM CIDALIA,5
SAO BERNARDO DO CAMPO,VILA CAMINHO DO MAR,5
SAO PAULO,CONJUNTO CITY JARAGUA,5
SAO PAULO,VILA CLEONICE,5
SAO PAULO,VILA CONDE DO PINHAL,5
FERRAZ DE VASCONCELOS,CONJUNTO RESIDENCIAL FAZENDA ITAJUIBE,5
SAO PAULO,JD REIMBERG,5
SAO PAULO,COHAB SAO NICOLAU,5
FRANCO DA ROCHA,LAGO AZUL,5
SAO PAULO,JARDIM CASAGRANDE,5
SAO PAULO,JD RAPOSO TAVARES,5
SAO CAETANO DO SUL,CENTRO,5
FRANCO DA ROCHA,POUSO ALEGRE,5
SAO PAULO,PARQUE DOM PEDRO II,5
SAO PAULO,QUINTA DA PAINEIRA,5
SANTO ANDRE,VILA GILDA,5
SAO PAULO,JARDIM SAO FRANCISCO DE ASSIS,5
OSASCO,TRES MONTANHAS,5
MAUA,VILA FALCHI,5
OSASCO,SANTA FE,5
SANTANA DE PARNAIBA,ALDEIA DA SERRA,5
OSASCO,PARQUE CONTINENTAL,5
SAO PAULO,JARDIM SANTA RITA,5
SANTANA DE PARNAIBA,CHACARA SOLAR II,5
SAO PAULO,JARDIM SANTO ALBERTO,5
JANDIRA,VILA EUNICE,5
SAO PAULO,VELEIROS,5
OSASCO,OSASCO,5
JANDIRA,PARQUE SANTA TEREZA,5
SAO PAULO,JARDIM PEDRO NUNES,5
SAO PAULO,VILA ROCHA,5
OSASCO,BONFIM,5
MOGI DAS CRUZES,CONJUNTO COCUERA,5
CARAPICUIBA,VILA MARIA HELENA,5
TABOAO DA SERRA,JARDIM PAZINI,5
SANTO ANDRE,AGSN ESPIRITO SANTO,5
SAO PAULO,JARDIM PATENTE NOVO,5
CARAPICUIBA,VILA MENK,5
OSASCO,JARDIM ADALGISA,5
CARAPICUIBA,JARDIM SAO JORGE,5
SAO PAULO,PARQUE ESMERALDA,5
MOGI DAS CRUZES,JARDIM MARICA,5
SAO PAULO,JARDIM SECKLER,5
SANTO ANDRE,JARDIM BOM PASTOR,5
ITAQUAQUECETUBA,RIO ABAIXO,5
SANTA ISABEL,SANTO ANGELO,5
SAO PAULO,JARDIM ITAPEMIRIM,5
TABOAO DA SERRA,JARDIM MITUZI,5
MAUA,SAO JOAO,5
SAO PAULO,JARDIM LETICIA,5
POA,VILA ROMANA,5
SAO PAULO,JARDIM LISBOA,5
MAUA,JARDIM CERQUEIRA LEITE,5
CARAPICUIBA,VILA ANUNCIATA,5
MAUA,JARDIM ADELINA,5
SAO PAULO,VALO VELHO,5
SAO PAULO,VILA LIBANESA,5
RIBEIRAO PIRES,CENTRO ALTO,5
SAO PAULO,JARDIM LAURA,5
MAUA,JARDIM ESTRELA,5
SAO PAULO,VILA MAGGI,5
RIBEIRAO PIRES,SUISSA,5
POA,JARDIM IVONE,5
SAO PAULO,VILA JULIO,5
SAO PAULO,JARDIM ROSCHEL,5
MAIRIPORA,RIO ACIMA,5
SAO PAULO,JARDIM JAQUELINE,5
SAO PAULO,JARDIM PROGRESSO,5
SAO PAULO,JARDIM ROSINHA,5
SAO PAULO,VILA PONTE RASA,5
POA,JARDIM AMERICA,5
SAO PAULO,JARDIM PRINCESA,5
POA,CENTRO,5
POA,CALMOM VIANA,5
SAO PAULO,VILA NOVA TEREZA,5
COTIA,GRANJA VIANA,5
ITAQUAQUECETUBA,PIRATININGA,5
SAO PAULO,PARQUE NOVO LAR,5
SAO PAULO,PARQUE PIQUERI,5
SANTO ANDRE,VILA AMERICA,5
COTIA,JARDIM NOVA COTIA,5
SAO PAULO,VILA FRIBURGO,5
CARAPICUIBA,JARDIM ELZINHA,5
SANTO ANDRE,JARDIM VILA RICA,5
MOGI DAS CRUZES,VILA NOVA CINTRA,5
MOGI DAS CRUZES,TAIACUPEBA,5
SANTO ANDRE,JARDIM SANTO ANTONIO,5
SAO PAULO,VILA STA CATARINA,5
CARAPICUIBA,VILA TRES IRMAOS,5
SAO PAULO,JARDIM MYRNA,5
SAO PAULO,PARQUE RAMOS FREITAS,5
SANTO ANDRE,VILA ALZIRA,5
SANTO ANDRE,JARDIM MAREK,5
ITAQUAQUECETUBA,PEDREIRA,5
SAO PAULO,JARDIM NICE,5
SAO PAULO,JARDIM TOMAS,5
SAO PAULO,JARDIM NOVA TEREZA,5
COTIA,JARDIM RIO DAS PEDRAS,5
ITAQUAQUECETUBA,JARDIM LUCIANA,5
SAO PAULO,VILA NAIR,5
COTIA,JARDIM PETROPOLIS,5
FERRAZ DE VASCONCELOS,VILA ANDEYARA,4
FRANCO DA ROCHA,JARDIM DOS REIS,4
SAO PAULO,JD PRIMAVERA,4
COTIA,ESTRADA NHAMBUCA,4
FRANCO DA ROCHA,JARDIM UNIAO,4
FRANCO DA ROCHA,VILA ELIZA,4
SAO PAULO,JARDIM CASA PINTADA,4
SAO PAULO,JARDIM MARCIANO,4
SAO PAULO,LIMOEIRO,4
SAO PAULO,JARDIM NOVA CONQUISTA,4
SAO PAULO,MORUMBI,4
FERRAZ DE VASCONCELOS,CONJUNTO RESIDENCIAL BANDEIRANTES,4
SAO PAULO,JARDIM ADALGISA,4
MAUA,SITIO BELA VISTA,4
SAO PAULO,VILA MARIA ALTA,4
SAO PAULO,VILA NOVA PAULICEIA,4
SAO PAULO,JD REBOUCAS,4
MAUA,PARQUE BANDEIRANTES,4
SAO PAULO,PARQUE NOVA AMERICA,4
FERRAZ DE VASCONCELOS,TANQUINHO,4
FRANCO DA ROCHA,MATO DENTRO,4
BARUERI,JD ALBERTO,4
SAO PAULO,LAPA DE BAIXO,4
MOGI DAS CRUZES,RESIDENCIAL NOVO HORIZONTE,4
MOGI DAS CRUZES,SOCORRO,4
SAO PAULO,VILA ORATORIO,4
SAO PAULO,CHACARA DO SOL,4
SAO PAULO,VILA PARANAGUA,4
SAO PAULO,VILA YOLANDA II,4
SAO PAULO,JARDIM RINCAO,4
SAO PAULO,MATA VIRGEM,4
SAO PAULO,MATA FRIA,4
SAO PAULO,JARDIM AMARALINA,4
SAO PAULO,JARDIM ALZIRA,4
SAO PAULO,CH BELENZINHO,4
SUZANO,VILA SAO PEDRO,4
SAO PAULO,VILA DALVA,4
SAO PAULO,VILA ANALIA,4
SUZANO,RECREIO SERTAOZINHO,4
MOGI DAS CRUZES,VILA CECILIA,4
SAO PAULO,CHACARA DO CONDE,4
SAO PAULO,VILA DA SAUDE,4
FERRAZ DE VASCONCELOS,JARDIM SOEIRO,4
EMBU-GUACU,ITORORO,4
SAO PAULO,JARDIM NADIR,4
MAUA,JARDIM GUAPITUBA,4
SAO PAULO,S PAULO,4
SUZANO,VILA MONTE SION,4
MAUA,JARDIM OLINDA,4
TABOAO DA SERRA,VILA MAFALDA,4
TABOAO DA SERRA,VILA NOVA BONANZA,4
POA,JARDIM IVONETE,4
SAO PAULO,VILA ALEXANDRIA,4
SAO PAULO,JD PENHA,4
MAUA,VILA CARLINA,4
VARGEM GRANDE PAULISTA,RECANTO UNIVERSO,4
SAO PAULO,JARDIM ALBANO,4
SAO PAULO,JARDIM CARUMBE,4
MAUA,VILA FLORIDA,4
SAO PAULO,VILA NOVA MAUA,4
OSASCO,JARDIM DAVILA,4
SAO PAULO,FAVELA DA PAZ,4
SAO PAULO,JARDIM AUGUSTA,4
SAO PAULO,JARDIM BESSA,4
SAO PAULO,JARDIM MARISTELA,4
FERRAZ DE VASCONCELOS,JARDIM ANCHIETA,4
SAO PAULO,ESTANCIA JARAGUA PARQUE TAIPAS,4
SAO PAULO,EMBURA DO ALTO,4
FRANCISCO MORATO,JARDIM SANTO ANTONIO,4
FRANCISCO MORATO,JARDIM NOVA BELEM,4
SAO PAULO,VILA CENTRAL,4
CARAPICUIBA,VILA SAO JORGE,4
SAO PAULO,JD TOCA,4
CARAPICUIBA,VILA SILVA RIBEIRO,4
SAO PAULO,JD TANGO,4
SAO PAULO,RUA,4
ARUJA,MIRANTE,4
CARAPICUIBA,VILA NOSSA SENHORA APARECIDA,4
SAO PAULO,GUACURI,4
SAO PAULO,JARDIM BEATRIZ,4
SAO PAULO,FAVELA JARDIM ORION 2,4
SAO PAULO,JARDIM ORLY,4
MOGI DAS CRUZES,JARDIM SANTA TEREZA,4
FRANCISCO MORATO,JARDIM ARPOADOR,4
SAO PAULO,SAO BENTO NOVO,4
SAO PAULO,VILA AMELIA,4
SAO PAULO,NOVO SANTO AMARO,4
SAO PAULO,JARDIM ORIENTE,4
SAO PAULO,FELICIA,4
SAO PAULO,JARDIM MELO,4
SAO PAULO,JOANA DARCK,4
ARUJA,RECANTO PRIMAVERA,4
COTIA,CHACARA HIPICA CPEA,4
SAO PAULO,JARDIM NOVO PANTANAL,4
SAO PAULO,J D PERYALTO,4
MAUA,VILA NOSSA TERRA,4
SAO PAULO,VILA MENDES,4
SUZANO,PARQUE BUENOS AIRES,4
SAO PAULO,PIRIUBA,4
MOGI DAS CRUZES,VILA RUBENS,4
ARUJA,JARDIM RENATA,4
FRANCISCO MORATO,VILA GUILHERME,4
MAUA,VILA NOSSA SENHORA DAS VITORIAS,4
OSASCO,JARDIM PRIMEIRO DE MAIO,4
SUZANO,VILA HELENA,4
SAO PAULO,JD SAO BENEDITO,4
MAUA,VILA MAGINI,4
TABOAO DA SERRA,JARDIM SAO PAULO,4
FRANCISCO MORATO,ESTANCIA BELEM,4
CARAPICUIBA,VILA ESTER,4
FRANCISCO MORATO,VILA ESPANHOLA,4
MOGI DAS CRUZES,JARDIM UNIVERSO,4
MOGI DAS CRUZES,VILA SAO SEBASTIAO,4
FRANCISCO MORATO,RESIDENCIAL SAO LUIS,4
FRANCISCO MORATO,RESIDENCIAL CASA GRANDE,4
SAO PAULO,JARDIM PENHA,4
MOGI DAS CRUZES,BARROSO,4
CARAPICUIBA,VILA SILVANIA,4
SAO PAULO,VILA MARIETA,4
SAO PAULO,SANTA MONICA,4
FERRAZ DE VASCONCELOS,FERRAZ DE VASCONCELOS,4
FRANCISCO MORATO,PARQUE SAO JOAQUIM,4
SAO PAULO,VILA NOVA CALEDONIA,4
FRANCISCO MORATO,PARQUE AGUA VERMELHA,4
POA,VILA MONTEIRO,4
FRANCISCO MORATO,JARDIM VASSOURAS I,4
BARUERI,ALTOS,4
SAO PAULO,CASA GRANDE,4
SAO BERNARDO DO CAMPO,JARDIM JOAO DE BARRO,4
CAIEIRAS,CENTRO,4
GUARULHOS,SITIO SAO FRANCISCO,4
CARAPICUIBA,JARDIM SAO MANOEL,4
SAO BERNARDO DO CAMPO,RIO GRANDE,4
SAO PAULO,JD ELIZABETH,4
SANTO ANDRE,BANGU,4
SANTO ANDRE,BELA VISTA,4
SAO BERNARDO DO CAMPO,PEDREIRA,4
ITAPECERICA DA SERRA,JARDIM NISALVES,4
SAO PAULO,JD ELEDY,4
SAO PAULO,JARDIM SAO MATEUS,4
SAO PAULO,JARDIM SAO NORBERTO,4
SUZANO,CHACARA BOA VISTA,4
SAO BERNARDO DO CAMPO,PARQUE HAWAI,4
ITAQUAQUECETUBA,VILA VIRGINIA,4
ITAQUAQUECETUBA,VILA GEPINA,4
SUZANO,CENTRO,4
SAO PAULO,SITIO ITABERABA II,4
SAO PAULO,VILA EUTHALIA,4
SAO PAULO,JARDIM DOS ESTADOS,4
SANTANA DE PARNAIBA,VARZEA DE SOUZA,4
SAO PAULO,JARDIM DOS BICHINHOS,4
SANTANA DE PARNAIBA,JARDIM ISAURA,4
SAO PAULO,JD GUARAPIRANGA,4
SAO CAETANO DO SUL,MAUA,4
SAO PAULO,SITIO DO PIQUERI,4
SAO PAULO,JD GISMAR,4
GUARULHOS,VILA ENDRES,4
GUARULHOS,VILA NOVA BONSUCESSO,4
SANTANA DE PARNAIBA,COLINAS DA ANHANGUERA,4
SAO BERNARDO DO CAMPO,VILA MARCHI,4
SAO PAULO,VILA GRACIOSA,4
SUZANO,CIDADE BOA VISTA,4
SAO PAULO,VILA ELSE,4
ITAPECERICA DA SERRA,CHACARA SAO JORGE,4
SANTANA DE PARNAIBA,PARQUE SANTANA II,4
SAO PAULO,JD ESTRELA DALVA,4
SANTANA DE PARNAIBA,PQ SANTANA,4
SAO PAULO,JARDIM IMPERIO,4
ITAQUAQUECETUBA,QUINTA DA BOA VISTA,4
ITAPEVI,CHACARA MONTE SERRAT,4
ITAPEVI,CHACARA VITAPOLIS,4
CARAPICUIBA,JARDIM CECILIA CRISTINA,4
ITAPEVI,JD SANTO ANTONIO,4
ITAPEVI,PARQUE ITAMARATI,4
SAO PAULO,VL MARIA,4
SAO PAULO,JARDIM TRES CORACOES,4
SAO PAULO,JARDIM HAIA DO CARRAO,4
SAO PAULO,JARDIM TRES ESTRELAS,4
CARAPICUIBA,JARDIM CARAPICUIBA,4
SANTO ANDRE,VILA VALPARAISO,4
SANTO ANDRE,PARQUE REPRESA BILLINGS II,4
SANTO ANDRE,VILA TIBIRICA,4
ITAPEVI,VILA APARECIDA,4
CARAPICUIBA,JARDIM DOS MANACAS,4
ITAPEVI,VILA GIOIA,4
ITAPEVI,VILA SAO FRANCISCO,4
ITAQUAQUECETUBA,FIORELO,4
TABOAO DA SERRA,JARDIM IRAPUA,4
SANTO ANDRE,PARQUE REPRESA BILLINGS III,4
SAO PAULO,VILA SIQUEIRA,4
ITAPEVI,JARDIM DONA ELVIRA,4
SAO BERNARDO DO CAMPO,JARDIM ESMERALDA,4
SAO BERNARDO DO CAMPO,JARDIM NOVO HORIZONTE,4
SAO BERNARDO DO CAMPO,JARDIM NAZARETH,4
ITAPEVI,JARDIM ESTELA,4
CARAPICUIBA,JARDIM ROSA MARIA,4
SAO BERNARDO DO CAMPO,JARDIM LAURA,4
CARAPICUIBA,GRANJA VIANA,4
SAO PAULO,JARDIM SOMARA,4
SAO PAULO,JARDIM TANGO,4
CARAPICUIBA,JARDIM ITALIA,4
SAO BERNARDO DO CAMPO,JARDIM DAS OLIVEIRAS,4
SAO BERNARDO DO CAMPO,JARDIM CHACARA INGLESA,4
SAO PAULO,JARDIM FLORIDA PAULISTA,4
SAO PAULO,JARDIM FUJIARA,4
SAO PAULO,JARDIM TEXTIL,4
ITAPEVI,JARDIM SAO LUIZ,4
CARAPICUIBA,JARDIM AMPERMAG,4
SANTANA DE PARNAIBA,CENTO E VINTE,4
SAO PAULO,V ESPANHOLA,4
SAO PAULO,VILA INVERNADA,4
SAO PAULO,PARQUE SAO LOURENCO,4
SAO PAULO,B0M RETIRO,4
GUARULHOS,MAIA,4
SAO PAULO,ALTO DO RIVIERA,4
SAO PAULO,JARDIM JACANA,4
SALESOPOLIS,FARTURA,4
CAJAMAR,PONUNDUVA,4
SAO PAULO,VILA LIDERANCA,4
SAO PAULO,V NOVA CACHOEIRINHA,4
MAUA,JARDIM ANCHIETA,4
SAO PAULO,VILA ANGELICA,4
SAO PAULO,VILA LEME,4
RIBEIRAO PIRES,TANQUE CAIO,4
CAIEIRAS,PORTAL DAS LARANJEIRAS,4
MAIRIPORA,JARDIM SAMAMBAIA,4
SAO PAULO,VILA ISA,4
SAO PAULO,ASSOCIACAO SOBRADINHO,4
SAO PAULO,JD MARIA RITA,4
MAIRIPORA,MOINHO,4
GUARULHOS,PARQUE CONTINENTAL I,4
RIBEIRAO PIRES,QUARTA DIVISAO,4
SAO PAULO,JARDIM SANTA JOSEFINA,4
GUARULHOS,JARDIM NORMANDIA,4
CARAPICUIBA,JARDIM YAYA,4
SAO PAULO,VILA ANGLO BRASILEIRA,4
SAO PAULO,JARDIM ITAOCA,4
SAO PAULO,RUA INACIO MONTEIRO,4
SAO PAULO,VILA DEODORO,4
SUZANO,JARDIM CARLA,4
SAO PAULO,PARQUE CRUZEIRO DO SUL,4
SAO PAULO,SILVEIRA,4
GUARULHOS,JARDIM SANTA CLARA,4
SAO PAULO,V NOVA IORQUE,4
RIBEIRAO PIRES,RIBEIRAO,4
SAO PAULO,VILA ANGELINA,3
SAO PAULO,JARDIM KLEIN,3
SAO PAULO,JARDIM MIMAR,3
SAO PAULO,PQ SAO DOMINGOS,3
SAO PAULO,JARDIM TEREZA,3
SAO PAULO,SUMARE,3
SAO PAULO,PARQUE PANAMERICANO,3
SAO PAULO,JD KAGOHARA,3
SAO PAULO,RECANDO CAMPO BELLO,3
SAO PAULO,PARQUE BRASIL,3
SAO PAULO,JD LALLO,3
SAO PAULO,PARQUE ALTO DO RIO BONITO,3
SAO PAULO,ROSANA,3
SAO PAULO,SANTA CRUZ,3
SAO PAULO,JD PANORAMA,3
SAO PAULO,LAGO MANDIORE,3
SAO PAULO,JARDIM ITACOLOMI,3
SAO PAULO,JARDIM LEME,3
SAO PAULO,JARDIM LOS ANGELES,3
SAO PAULO,MORRO DOCE,3
SAO PAULO,MISSIONARIA,3
SAO PAULO,V ZATT,3
SAO PAULO,JARDIM APARECIDA,3
SAO PAULO,PARQUE DOS PRINCIPES,3
SAO PAULO,MARSILAC,3
SAO PAULO,JARDIM VILA DAS VIRTUDES,3
SAO PAULO,JARDIM GUAPORE,3
SAO PAULO,JARDIM LILIA,3
SAO PAULO,JARDIM ZILDA,3
SAO PAULO,JARDIMDO LAGO,3
SAO PAULO,JARDIM ROCHEL,3
SAO PAULO,JARDIN CLIMAX,3
SAO PAULO,PQUE RES COCAIA,3
SAO PAULO,JARIM VILA FORMOSA,3
SAO PAULO,RUA PIEDADE DO PARAOPEBA,3
SAO PAULO,JD MONTE AZUL,3
SAO PAULO,JARDIM DA FELICIDADE,3
SAO PAULO,JARDIM GUARIPA,3
SAO PAULO,JARDIM REDIL,3
SAO PAULO,JD OLYMPIA,3
SAO PAULO,VILA BONILHA,3
SAO PAULO,MORUMBI SUL,3
SAO PAULO,JD ARTUR ALVIM,3
SAO PAULO,PRAIA PAULISTINHA,3
SAO PAULO,JD ORIENTAL,3
SAO PAULO,JD PEDRA BRANCA,3
SAO PAULO,JD CRISTINA,3
SAO PAULO,JARDIM MANACAS,3
SAO PAULO,JARDIM CELIA,3
SAO PAULO,PQ DAS ARVORES,3
SAO PAULO,JARDIM MARINA,3
SAO PAULO,PARQUE MARIA FERNANDA,3
SAO PAULO,JD IPORANGA,3
SAO PAULO,PARQUE SAID MURAD,3
SAO PAULO,JARDIM CASTELO,3
SAO PAULO,JARDIM COTCHING,3
SAO PAULO,PARQUE CONTINENTAL,3
SAO PAULO,VILA ANTONINA,3
SAO PAULO,JARDIM MARILIA,3
SAO PAULO,VILA BARIRI,3
SAO PAULO,JARDIM ITAPEMA,3
SAO PAULO,JARDIM SAO CARLOS,3
SAO PAULO,VARZEA DO GLICERIO,3
SAO PAULO,JARDIM DO COLEGIO,3
SAO PAULO,JARDIM DO CENTRO,3
SAO PAULO,JD FRANCISCO MENDES,3
SAO PAULO,PQ ARARIBA,3
SAO PAULO,JD SAO JOAO,3
SAO PAULO,JARDIM IRACEMA,3
SAO PAULO,SITIO BOTUQUARA,3
SAO PAULO,JARDIM DAS OLIVEIRAS,3
SAO PAULO,JARDIM CAGUACU,3
SAO PAULO,PARQUE DAS ARVORES,3
SAO PAULO,VILA ANTONIO,3
SAO PAULO,JARDIM CATARINA,3
SAO PAULO,JD TRES CORACOES,3
SAO PAULO,PQ PAINEIRAS,3
SAO PAULO,JD QUARTO CENTENARIO,3
SAO PAULO,JD PEDRO JOSE NUNES,3
SAO PAULO,JARDIM MARACA,3
SAO PAULO,JARDIM MARAVILHA,3
SAO PAULO,PQ MARIA HELENA,3
SAO PAULO,JARDIM ELIZABETH,3
SAO PAULO,PQ JAPAO,3
SAO PAULO,V NOVA YORK,3
SAO PAULO,JD CRISTAL,3
SAO PAULO,JD SANTANA,3
SAO PAULO,JD ZILDA,3
SAO PAULO,JARDIM CLARA REGINA,3
SAO PAULO,VILA BRASILINA,3
SAO PAULO,JD DOS MANACAS,3
SAO PAULO,RECANTO DO PARAISO,3
SAO PAULO,PARAISPOLIS,3
SAO PAULO,JD VIRGINIA BIANCA,3
SAO PAULO,JARDIM SARAH,3
SAO PAULO,JARDIM BELCITO,3
SAO PAULO,SAO PAULO SP CIDADE ADEMAR,3
SAO PAULO,JARDIM DULCE,3
SAO PAULO,JARDIM MARTINS SILVA,3
SAO PAULO,JD ITAMARATI,3
SAO PAULO,JD EDILENE,3
SAO PAULO,RECANTO PARAISO,3
SAO PAULO,PACAEMBU,3
SAO PAULO,PARQUE VL MARIA,3
SAO PAULO,VILA GUARANI,3
SAO PAULO,JARDIM ANGELINA,3
JANDIRA,JARDIM MARILIA,3
ITAQUAQUECETUBA,MORRO BRANCO,3
ITAQUAQUECETUBA,PEROBAL,3
ITAQUAQUECETUBA,VILA MARIA AUGUSTA,3
CAIEIRAS,NOVA CAIEIRAS,3
ITAQUAQUECETUBA,VILA MIRANDA,3
CAIEIRAS,MORRO GRANDE,3
JANDIRA,JARDIM DAS MARGARIDAS,3
JANDIRA,JARDIM GABRIELA III,3
JANDIRA,JARDIM JANDIRA,3
JANDIRA,JARDIM LINDOMAR,3
JANDIRA,JARDIM SAGRADO CORACAO,3
ITAQUAQUECETUBA,JARDIM ZELIA,3
JANDIRA,OURO VERDE,3
JANDIRA,PQ DO LAGO,3
CAIEIRAS,JARDIM SAO FRANCISCO,3
TABOAO DA SERRA,JARDIM GUACIARA,3
JANDIRA,VL IPE,3
JANDIRA,VL SAO NICOLAU,3
MAIRIPORA,BARREIRO,3
MAIRIPORA,CORUMBA,3
CAIEIRAS,JARDIM ESPERANCA,3
CAIEIRAS,JARDIM DOS EUCALIPTOS,3
CAJAMAR,ACAMPAMENTO FLORIM,3
SAO PAULO,VILA SOCORRO,3
SAO PAULO,WILA MARIA,3
SAO PAULO,VL DORNA AUGUSTA,3
ITAPEVI,JARDIM MARISTELA,3
TABOAO DA SERRA,PARQUE ALBINA,3
ITAPEVI,JARDIM TUPA,3
TABOAO DA SERRA,PARQUE ASSUNCAO,3
SAO PAULO,VL GUMERCINDO,3
ITAPEVI,VILA CRUZEIRO,3
ITAPEVI,VILA ENGENHEIRO CARDOSO,3
SAO PAULO,VL ESTER,3
ITAPEVI,VILA OLIMPIA,3
CARAPICUIBA,CHACARA ADRIANA APARECIDA,3
SAO PAULO,VL DORNA,3
ITAQUAQUECETUBA,JARDIM ROSELI,3
CARAPICUIBA,CARAPICUIBA,3
CAJAMAR,VILA NOVA,3
SAO PAULO,VL BARIRI,3
ITAQUAQUECETUBA,JARDIM DO ALGARVE,3
SAO PAULO,JARDIM ANA MARIA,3
SAO PAULO,VILA VIRGINIA,3
SAO PAULO,VILA VERA,3
ITAQUAQUECETUBA,JARDIM MARAGOGIPE,3
CAJAMAR,PORTAIS,3
CAJAMAR,PARQUE SAO ROBERTO,3
SAO PAULO,VILA PIRAJUSSARA,3
MAIRIPORA,SANTA INES,3
BARUERI,VILA UNIVERSAL,3
PIRAPORA DO BOM JESUS,JARDIM BOM JESUS,3
MOGI DAS CRUZES,VILA MUNICIPAL,3
MOGI DAS CRUZES,VILA NOVA SOCORRO,3
MOGI DAS CRUZES,VILA PAULICEA,3
BARUERI,JARDIM GABRIELA,3
OSASCO,CASTELO BRANCO,3
OSASCO,CITY BUSSOCABA,3
OSASCO,FAZENDINHA,3
OSASCO,JARDIM LOFREDO,3
SAO PAULO,VILA MASCOTE,3
OSASCO,MUTINGA,3
SAO PAULO,VILA MARCELA,3
MAUA,JARDIM CAMPO VERDE,3
POA,JARDIM ANTONIO PICOSSE,3
SAO PAULO,VILA MARACANA,3
BARUERI,ALPHAVILLE INDUSTRIAL,3
POA,JARDIM PINHEIRO,3
SAO PAULO,VILA LUSO BRASILEIRA,3
POA,VILA ACOREANA,3
POA,VILA AUREA,3
POA,VILA JAU,3
POA,VILA OCEANIA,3
BARUERI,ALPHAVILLE EMPRESARIAL,3
MOGI DAS CRUZES,VILA AUGUSTA,3
MOGI DAS CRUZES,VILA APARECIDA,3
MOGI DAS CRUZES,RODEIO,3
MOGI DAS CRUZES,JARDIM SANTOS DUMONT III,3
MAUA,JARDIM COLUMBIA,3
MAUA,JARDIM CRUZEIRO,3
MAUA,JARDIM PILAR,3
MAUA,JARDIM QUARTO CENTENARIO,3
MAUA,VILA ANA,3
MAUA,VILA BOCAINA,3
MAUA,VILA GUARANI,3
BARUERI,JD REGINA ALICE,3
BARUERI,JD FLORIDA,3
SAO PAULO,VILA NOVA DAS BELEZAS,3
MOGI DAS CRUZES,BIRITIBA USSU,3
MOGI DAS CRUZES,CONJUNTO ALVARO BOVOLENTA,3
BARUERI,JD ENGENHO NOVO,3
MOGI DAS CRUZES,CONJUNTO RESIDENCIAL NOVA BERTIOGA,3
SAO PAULO,VILA NINA,3
BARUERI,JARDIM TIMBAUHY,3
MOGI DAS CRUZES,JARDIM BELA VISTA CDHU,3
MOGI DAS CRUZES,JARDIM CECILIA,3
SAO PAULO,VILA NASCENTE,3
MOGI DAS CRUZES,JARDIM NOVE DE JULHO,3
MOGI DAS CRUZES,JARDIM SANTA CAROLINA,3
TABOAO DA SERRA,JARDIM VITORIA,3
SAO PAULO,ZONA NORTE,3
POA,VILA SANTA MARIA,3
COTIA,JARDIM ARCO IRIS,3
COTIA,JARDIM ESTELA MARI,3
SUZANO,PARQUE UMUARAMA,3
FERRAZ DE VASCONCELOS,NOVA FERRAZ,3
SUZANO,PARQUE SUZANO,3
FERRAZ DE VASCONCELOS,PARQUE DOURADO,3
FERRAZ DE VASCONCELOS,PARQUE SAO JUDAS TADEU,3
FERRAZ DE VASCONCELOS,SITIO PAREDAO,3
FRANCISCO MORATO,CENTRO,3
SUZANO,JARDIM SUZANOPOLIS,3
FRANCISCO MORATO,JARDIM ALPINO,3
FRANCISCO MORATO,JARDIM ASTURIAS,3
FERRAZ DE VASCONCELOS,JARDIM TEMPORIM,3
SUZANO,JARDIM SAO LUIS,3
FRANCISCO MORATO,JARDIM GENNARI,3
TABOAO DA SERRA,JARDIM RECORD GLEBA C,3
COTIA,CAPUTERA,3
COTIA,BARBACENA,3
SUZANO,JARDIM QUARESMEIRA I,3
COTIA,ATALAIA,3
TABOAO DA SERRA,JARDIM SANTA CRUZ,3
FRANCISCO MORATO,VILA BORGES,3
FRANCISCO MORATO,VILA MARIA LUIZA,3
FERRAZ DE VASCONCELOS,JARDIM TV,3
SUZANO,SUZANO,3
CARAPICUIBA,JARDIM BOM SUCESSO,3
EMBU-GUACU,JARDIM EMILIA,3
COTIA,PAISAGEM CASA GRANDE,3
TABOAO DA SERRA,JARDIM FLORIDA,3
TABOAO DA SERRA,JARDIM ELIZABETE,3
COTIA,PETROPOLIS,3
COTIA,QUINTA DOS ANGICOS,3
TABOAO DA SERRA,JARDIM AMERICA,3
TABOAO DA SERRA,CONDOMINIO JARDIM IOLANDA,3
DIADEMA,JARDIM PROMISSAO,3
EMBU-GUACU,ITARARE,3
EMBU-GUACU,JARDIM BOA VISTA,3
SUZANO,VILA MAZZA,3
COTIA,JARDIM MONTE VERDE,3
EMBU-GUACU,SANTO EGIDIO,3
SUZANO,VILA MALUF,3
EMBU-GUACU,VILA LOURO,3
FERRAZ DE VASCONCELOS,CHACARA GUAIO,3
FERRAZ DE VASCONCELOS,CHACARA LAGUNA,3
FERRAZ DE VASCONCELOS,JARDIM BELA VISTA,3
FERRAZ DE VASCONCELOS,JARDIM CAMBIRI,3
COTIA,JARDIM NARA LUCIA,3
FERRAZ DE VASCONCELOS,JARDIM FERRAZENSE,3
FERRAZ DE VASCONCELOS,JARDIM FIGUEIREDO,3
FRANCISCO MORATO,VILA SILEIA,3
FRANCISCO MORATO,VILA SUICA,3
FRANCO DA ROCHA,CENTRO,3
CARAPICUIBA,JARDIM LEOPOLDINA,3
GUARULHOS,JARDIM SANTA CECILIA,3
CARAPICUIBA,JARDIM SANTA TEREZA,3
CARAPICUIBA,JARDIM SANTA IZABEL,3
GUARULHOS,JARDIM SAO PAULO,3
CARAPICUIBA,JARDIM SANTA BRIGIDA,3
GUARULHOS,PARQUE MIKAIL,3
GUARULHOS,VILA ALBERTINA,3
GUARULHOS,VILA OPERARIA,3
SUZANO,CIDADE EDSON,3
ITAPECERICA DA SERRA,DIVISA DE MUNICIPIO,3
SUZANO,CHACARA MEA,3
CARAPICUIBA,VILA LISBOA,3
ITAPECERICA DA SERRA,JARDIM DO EDEM,3
ITAPECERICA DA SERRA,JARDIM ITAPECERICA,3
SUZANO,CHACARA DUCHEN,3
SUZANO,CHACARA CERES,3
TABOAO DA SERRA,JARDIM SILVIA,3
ITAPECERICA DA SERRA,JARDIM RENATA,3
CARAPICUIBA,JARDIM DAS PALMEIRAS,3
ITAPECERICA DA SERRA,JARDIM SANTA MARIA,3
ITAPECERICA DA SERRA,PARQUE JANDAIA,3
ITAPECERICA DA SERRA,PARQUE SAO LOURENCO,3
GUARULHOS,JARDIM PLANALTO,3
GUARULHOS,JARDIM PAULISTA,3
GUARULHOS,JARDIM NOVO RECREIO,3
GUARULHOS,JARDIM MONTE ALEGRE,3
SUZANO,JARDIM MARGARETH,3
FRANCO DA ROCHA,JARDIM BENINTENDI,3
SUZANO,JARDIM MARCIA,3
FRANCO DA ROCHA,JARDIM LUCIANA,3
FRANCO DA ROCHA,PARQUE MONTE VERDE,3
FRANCO DA ROCHA,PARQUE PRETORIA,3
FRANCO DA ROCHA,VILA BAZU,3
FRANCO DA ROCHA,VILA DOS COMERCIARIOS,3
SUZANO,JARDIM LEBLON,3
FRANCO DA ROCHA,VILA VERA CRUZ,3
SUZANO,JARDIM FERNANDES,3
SUZANO,JARDIM DAS LAVRAS,3
CARAPICUIBA,VILA ARTEM,3
CARAPICUIBA,VILA AMERICA,3
GUARULHOS,JARDIM BRASIL,3
GUARULHOS,JARDIM BRASILIA,3
SUZANO,JARDIM BRASIL,3
GUARULHOS,JARDIM DUTRA,3
GUARULHOS,JARDIM GUARACY,3
GUARULHOS,JARDIM MARIA DE LOURDES,3
GUARULHOS,JARDIM MARIA DIRCE,3
POA,VILA PERRELI,3
JANDIRA,VILA SANTO ANTONIO,3
SANTANA DE PARNAIBA,ALPHAVILLE,3
SAO PAULO,CONJUNTO HABITACIONAL SANTA ETELVINA II,3
SAO PAULO,VILA GRAZIELA,3
SAO PAULO,CAPAO DO EMBIRA,3
SAO BERNARDO DO CAMPO,JARDIM BRASILANDIA,3
SAO PAULO,CACHOEIRA,3
SAO PAULO,BRASIL,3
VARGEM GRANDE PAULISTA,PARQUE DO AGRESTE GLEBA I,3
SAO PAULO,BORORE,3
SAO PAULO,VILA DIONIZIA,3
ARUJA,VILA PILAR,3
SAO PAULO,CONJUNTO HABITACIONAL PADRE MANOEL DE PAIVA,3
BARUERI,ALDEIA,3
SAO PAULO,FAVELA JARDIM CELESTE,3
SAO PAULO,CONJUNTO HABITACIONAL SANTA ETELVINA III,3
SAO BERNARDO DO CAMPO,JARDIM DO LAGO,3
SAO PAULO,VILA CLAUDIA,3
SAO PAULO,VILA INACIO,3
SAO BERNARDO DO CAMPO,JARDIM INDEPENDENCIA,3
SAO BERNARDO DO CAMPO,JARDIM LAS PALMAS,3
SAO PAULO,FAVELA CANTINHO DO CEU,3
ARUJA,JARDIM VIA DUTRA,3
SAO PAULO,ALPES DO JARAGUA,3
SAO PAULO,ALDEIA KRUKUTU,3
ARUJA,COPACO,3
SAO PAULO,VILA CLRARA,3
ARUJA,LIMOEIRO,3
SAO PAULO,CARDOSO FRANCO,3
SANTO ANDRE,VILA ALPINA,3
ARUJA,JARDIM REAL,3
SANTO ANDRE,SANTA MARIA,3
SANTO ANDRE,VILA BASTOS,3
SAO PAULO,CIDADE PATRIARCA,3
SAO PAULO,CID ALVORADA,3
SANTO ANDRE,VILA FRANCISCO MATARAZZO,3
SAO PAULO,CIDADE TIIRADENTES,3
SAO PAULO,VILA CUCRUCA,3
SAO PAULO,VILA CRUZEIRO,3
SAO PAULO,CJ HAB PDE JOSE DE ANCHIETA,3
SANTO ANDRE,VILA PROGRESSO,3
SANTO ANDRE,VILA SACADURA CABRAL,3
SANTO ANDRE,VILA VITORIA,3
SAO PAULO,CHACARA MARIA TRINDADE,3
SAO PAULO,COHAB MUNCK,3
ARUJA,NOVA ARUJA,3
SAO PAULO,VILA GIL,3
SANTO ANDRE,JARDIM GUARARA,3
SAO PAULO,CHACARA BOSQUE DO SOL,3
SAO PAULO,CONDOMINIO DAS FLORES,3
SAO PAULO,VILA DOM PEDRO 1,3
SAO PAULO,CIDADE AUXILIADORA,3
SAO PAULO,VILA IVG,3
SAO BERNARDO DO CAMPO,VILA SANTA CASSIA,3
SAO PAULO,FAVELA SUCUPIRA,3
SAO PAULO,GUAIANASES,3
SAO BERNARDO DO CAMPO,VILA SOARES,3
BARUERI,ALDEIA DE BARUERI,3
RIBEIRAO PIRES,SOMMA,3
SAO BERNARDO DO CAMPO,PARQUE BANDEIRANTES,3
SAO PAULO,VILA CAMPOS SALES,3
RIBEIRAO PIRES,PONTE SECA,3
SAO PAULO,JAEDIM HELGA,3
SAO BERNARDO DO CAMPO,PARQUE ESMERALDA,3
SAO BERNARDO DO CAMPO,VILA EUCLIDES,3
SAO BERNARDO DO CAMPO,SAO PEDRO,3
SAO PAULO,VILA EMBIRA,3
RIBEIRAO PIRES,VILA AURORA,3
SAO PAULO,VILA IRMAOS ARNONI,3
SAO BERNARDO DO CAMPO,PARQUE SAO BERNARDO,3
SAO PAULO,VILA IPOJUCA,3
SAO PAULO,JARDIM ADELAIDE,3
SAO BERNARDO DO CAMPO,JARDIM SERRO AZUL,3
RIBEIRAO PIRES,OURO FINO PAULISTA,3
SAO BERNARDO DO CAMPO,SITIO BOM JESUS,3
SAO LOURENCO DA SERRA,BAIRRO ZE COZINHEIRO,3
RIBEIRAO PIRES,PILAR VELHO,3
SAO PAULO,JARDIM AMERICA,3
SAO CAETANO DO SUL,JARDIM SAO CAETANO,3
SAO PAULO,JARDIM AMELIA,3
ITAPECERICA DA SERRA,PARQUE YARA CECY,2
ARUJA,JARDIM RINCAO,2
SAO PAULO,CHACARA FLORA,2
GUARULHOS,CONJUNTO MARCOS FREIRE,2
SAO PAULO,JD DAS ACACIAS,2
GUARULHOS,INOCOOP,2
SAO PAULO,JD OLINDA,2
SAO PAULO,JD NITEROI,2
SAO PAULO,CHACARA CUOCO,2
GUARULHOS,JARDIM AMERICA,2
FRANCO DA ROCHA,VILA BELMIRO,2
SAO PAULO,JD NOVA CONQUISTA,2
SAO PAULO,JD NORONHA,2
ITAPECERICA DA SERRA,RECREIO CAMPESTRE,2
SAO PAULO,CHACARA NOSSA SENHORA DO BOM CONSELHO,2
SAO PAULO,JD DA SAUDE,2
SAO PAULO,JD COMERCIAL,2
SAO PAULO,JD PERYALTO,2
FRANCO DA ROCHA,VILA IRMA,2
SAO PAULO,JD PETROPOLIS,2
SAO PAULO,PARQUE OTERO,2
SAO BERNARDO DO CAMPO,VILA DUSI,2
FRANCO DA ROCHA,VILA LEMAR,2
SUZANO,JARDIM IKEDA,2
SAO PAULO,CHACARA SAO JOAO,2
SUZANO,JARDIM DORA,2
SAO PAULO,JARDIM CLIPER,2
ITAPECERICA DA SERRA,VILA LEONOR,2
FRANCO DA ROCHA,VILA VERDE,2
SUZANO,BARUEL,2
SAO PAULO,JD PRESIDENTE,2
ITAPEVI,CENTRO,2
SAO BERNARDO DO CAMPO,VILA ALCANTARA,2
SAO PAULO,JD FELICIDADE,2
GUARULHOS,JARDIM IPORANGA,2
SAO PAULO,SITIO ROSINHA,2
SAO PAULO,VILA DOS PEREIRA,2
SAO BERNARDO DO CAMPO,VILA VITORIA,2
GUARULHOS,JARDIM ZIMBARDI,2
GUARULHOS,MATO DAS COBRAS,2
GUARULHOS,PARQUE CONTINENTAL III,2
SAO PAULO,JD INGA,2
SAO PAULO,ALTOS DE VILA PRUDENTE,2
GUARULHOS,PARQUE JANDAIA,2
SAO CAETANO DO SUL,PROSPERIDADE,2
CARAPICUIBA,JARDIM MARIA RITA,2
CARAPICUIBA,JARDIM LEOPOLDO,2
SUZANO,CONJUNTO RESIDENCIAL IRAI,2
GUARULHOS,VILA BELANI,2
SAO PAULO,JD GRAUNA,2
GUARULHOS,VILA CARMELA II,2
ITAPECERICA DA SERRA,ITAPECERICA DA SERRA,2
SAO PAULO,JD GAIVOTA,2
SAO PAULO,0,2
ITAPECERICA DA SERRA,CENTRO,2
ITAPECERICA DA SERRA,CHACARA DA LAGOA,2
SAO PAULO,CID QUARTO CENTENARIO,2
SAO PAULO,VILA DO POETA,2
GUARULHOS,JARDIM DORALY,2
SAO BERNARDO DO CAMPO,VILA MUSSOLINI,2
SAO PAULO,JARDIM COTINHA,2
SUZANO,JARDIM BOA VISTA,2
SAO PAULO,CAPELA DO SOCORRO,2
GUARULHOS,JARDIM IPANEMA,2
SAO PAULO,VILA DOM PEDRO II,2
SUZANO,JARDIM ANZAI,2
SAO PAULO,SITIO MORRO GRANDE,2
SAO PAULO,JD MARIA LUISA,2
CARAPICUIBA,SANTA TEREZA,2
SAO BERNARDO DO CAMPO,VILA ISRAEL,2
SAO PAULO,JD LIDIA,2
SAO PAULO,CANAA,2
SAO PAULO,VILA ELISIO,2
GUARULHOS,JARDIM MARILENE,2
SAO BERNARDO DO CAMPO,VILA LUSITANIA,2
SAO PAULO,VILA DAS VIRTUDES,2
CARAPICUIBA,PARQUE JOSE ALEXANDRE,2
ITAPECERICA DA SERRA,JARDIM SAMPAIO,2
SAO PAULO,JD ITAPURA,2
POA,VILA TURMALINA,2
SAO PAULO,CJTO HAB BRIG FARIA LIMA,2
CARAPICUIBA,VILA FREIDA,2
SAO PAULO,RUA AMAMBAI,2
SAO PAULO,ONO,2
SAO PAULO,PARQUE ESPERANCA,2
SAO PAULO,FAVELA JD CELESTE 2,2
FERRAZ DE VASCONCELOS,JARDIM ANGELINA,2
SAO PAULO,NOVO PARELHEIROS,2
SAO PAULO,PROMORAR RAPOSO TAVARES,2
SUZANO,VILA CUNHA,2
SAO PAULO,VILA CAROLINA,2
SAO PAULO,RUA ARVORE DE BALSAMO,2
SAO PAULO,FAVELA FLAMENGO,2
SAO PAULO,MORRO DOS INGLESES,2
SAO PAULO,VILA CENTENARIO,2
SAO PAULO,MORAES PRADO,2
FRANCO DA ROCHA,PARQUE LANEL,2
FERRAZ DE VASCONCELOS,JARDIM LUIZ MAURO,2
SAO PAULO,SANTA EDWIGES,2
SAO PAULO,MONTE BELO,2
COTIA,JARDIM MIRANDA,2
COTIA,JARDIM LINA,2
FERRAZ DE VASCONCELOS,JARDIM NOSSA SENHORA DO CAMINHO,2
FERRAZ DE VASCONCELOS,JARDIM RECANTO DOS PASSAROS,2
FERRAZ DE VASCONCELOS,JARDIM RENATA,2
FERRAZ DE VASCONCELOS,JARDIM ROSANA,2
FERRAZ DE VASCONCELOS,JARDIM SAO LUIZ,2
FERRAZ DE VASCONCELOS,JARDIM SARA,2
FERRAZ DE VASCONCELOS,JARDIM SEMINARIO,2
SAO PAULO,JARDIM AVELINO,2
EMBU-GUACU,VALE FLORIDO,2
COTIA,JARDIM NOMURA,2
SAO PAULO,PARAISO,2
SAO PAULO,JARDIM ALVIVERDE,2
SAO PAULO,JARDIM ALMEIDA,2
COTIA,JARDIM SAO VICENTE,2
COTIA,RESIDENCIAL VIVA CAUCAIA I,2
SAO PAULO,QUARTA PARADA,2
COTIA,JARDIM SAO LUIZ,2
SAO PAULO,PARQUE CAVALO BRANCO,2
COTIA,SAO PAULO II,2
COTIA,VILA SANTO ANTONIO,2
DIADEMA,C0NCEICAO,2
SAO PAULO,JARDIM ARIZONA,2
TABOAO DA SERRA,ALTOS DO TABOAO,2
EMBU-GUACU,CENTRO,2
SUZANO,VILA SOL NASCENTE,2
EMBU-GUACU,COLIBRIS,2
EMBU-GUACU,CONGONHAL,2
SUZANO,VILA RICA,2
COTIA,JARDIM SANTA IZABEL,2
SAO PAULO,INDEPENDENCIA,2
SAO PAULO,ILHA DO BORORE,2
SUZANO,VILA REAL,2
TABOAO DA SERRA,JARDIM KUABARA,2
SAO PAULO,PARARADA XV DE NOVEMBRO,2
SAO PAULO,HORTO FLORESTAL,2
EMBU-GUACU,RECREIO,2
SAO PAULO,CONJUNTO RESIDENCIAL ELISIO TEIXEIRA LEITE,2
FERRAZ DE VASCONCELOS,JARDIM TINOCO,2
SAO PAULO,CONJUNTO HABITACIONAL TURISTICA,2
SAO PAULO,JARDIM CARAVELAS,2
FRANCISCO MORATO,JARDIM SAO JOSE,2
SAO PAULO,SAO FRANCISCO,2
COTIA,BAIRRO DA CAMPININHA,2
FRANCISCO MORATO,PARQUE BELEM,2
SAO PAULO,SAO JOAO CLIMACI,2
FRANCISCO MORATO,PARQUE CLIMATERIC ROLLAND,2
SUZANO,JARDIM NOVA AMERICA,2
SAO PAULO,JD SAO PEDRO,2
CARAPICUIBA,VILA SUL AMERICANA,2
FRANCISCO MORATO,RECANTO SORAYA,2
SAO PAULO,VILA CONSTNCIA,2
ARUJA,JARDIM FAZENDA RINCAO,2
SUZANO,JARDIM NAZARETH,2
SAO PAULO,JD SAO CRISTOVAO,2
SAO PAULO,VLILA ANDRADE,2
VARGEM GRANDE PAULISTA,JARDIM SAO MARCOS,2
SAO PAULO,JD SANTA RITA,2
FRANCO DA ROCHA,CHACARA SAO LUIZ,2
SUZANO,JARDIM MIMOSA,2
SAO PAULO,JD RODOLLFO PIRANI,2
SAO PAULO,JD RODOLFO DO PIRANI,2
FRANCO DA ROCHA,JARDIM CRUZEIRO,2
SAO PAULO,JD REPRESA,2
SAO PAULO,CIDADE KEMEL,2
FRANCO DA ROCHA,JARDIM LUIZA,2
SAO PAULO,COMUNIDADE AMADEU,2
SAO PAULO,COMUNIDADE PANORAMA,2
SAO PAULO,LAUZANE PAULISTA,2
SAO PAULO,JD VALPARAISO,2
SAO PAULO,JARDIM BURITI,2
SAO PAULO,VILA CLELIA,2
SUZANO,PARQUE SAMAMBAIA,2
FERRAZ DE VASCONCELOS,VILA BIANCHI,2
SUZANO,PARQUE HEROISMO,2
COTIA,JARDIM DO ENGENHO,2
FERRAZ DE VASCONCELOS,VILA DO AMERICANO,2
COTIA,JARDIM COLIBRI,2
COTIA,JARDIM CAIAPIA,2
SUZANO,NOVO COLORADO,2
FRANCISCO MORATO,BELEM ESTACAO,2
SAO PAULO,CONJ HABITACIONAL PADRE MANUEL DE PAIVA,2
SAO PAULO,PARQUE IPE,2
SAO PAULO,SANTA TEREZINHA,2
SUZANO,JARDIM SUZANO,2
TABOAO DA SERRA,JARDIM NOVO HORIZONTE,2
SAO PAULO,VILA CLOTILDE,2
SAO PAULO,VILA BOZZINI,2
TABOAO DA SERRA,JARDIM OURO PRETO,2
SAO PAULO,CONJ HAB PADER MANOEL DE NOBREGA,2
SAO PAULO,PARQUE MANDI,2
FRANCISCO MORATO,JARDIM FERRAO,2
FRANCISCO MORATO,JARDIM FLORIDA,2
FRANCISCO MORATO,JARDIM LILIANE,2
FRANCISCO MORATO,JARDIM MARIA LUIZA,2
SAO PAULO,JD CLIPER,2
SAO BERNARDO DO CAMPO,SANTA CRUZ,2
SAO PAULO,VL REGENTE FEIJO,2
MOGI DAS CRUZES,CONJUNTO RESIDENCIAL DO BOSQUE,2
SANTANA DE PARNAIBA,SURU,2
TABOAO DA SERRA,VILA SANTA LUZIA,2
MAUA,VILA SAO FRANCISCO,2
SANTANA DE PARNAIBA,PARQUE SANTANA 2,2
MAUA,VILA SAO JOAO,2
MOGI DAS CRUZES,CHACARAS GUANABARA,2
MOGI DAS CRUZES,COCUERA,2
SAO PAULO,VILA ARACI,2
SAO PAULO,JARDIM PAULO VI,2
MOGI DAS CRUZES,CONJUNTO HABITACIONAL ANA PAULA,2
MOGI DAS CRUZES,CONJUNTO HABITACIONAL SEKI,2
SAO PAULO,JARDIM IPORA,2
SANTANA DE PARNAIBA,JARDIM IZAURA,2
MOGI DAS CRUZES,PARQUE OLIMPICO,2
SANTANA DE PARNAIBA,COND NEW VILLE,2
ARUJA,SITIO DOS FERNANDES,2
SANTANA DE PARNAIBA,CENTRO,2
MOGI DAS CRUZES,JARDIM LAYR,2
SAO PAULO,VILA IARA,2
SAO PAULO,JARDIM ONDINA,2
MOGI DAS CRUZES,JARDIM SANTOS DUMONT I,2
MOGI DAS CRUZES,JARDIM SAO FRANCISCO,2
SAO PAULO,VILA MUNK,2
MOGI DAS CRUZES,LOTEAMENTO MUNICIPAL BRAS CUBAS,2
MOGI DAS CRUZES,LOTEAMENTO RIO ACIMA,2
SAO PAULO,PIRAJUSSARA,2
MAUA,VILA LISBOA,2
SAO PAULO,JARDIM PIRAJUSSARA,2
SANTANA DE PARNAIBA,TAMBORE,2
SANTANA DE PARNAIBA,TARUMA,2
ARUJA,PEDREIRA,2
SAO PAULO,PARQUE VILA PRUDENTE,2
SAO PAULO,PQ MIRASSOL,2
SAO PAULO,STA CRUZ,2
MAUA,CHACARA SAO BRAS,2
MAUA,CHACARA SAO LUCIDO,2
MAUA,ESPERANCA,2
MAUA,JARDIM BELA VISTA,2
SAO PAULO,VILA PALMIRA,2
SAO PAULO,JARDIM REPUBLICA,2
SAO PAULO,JARDIM REPRESA,2
SAO PAULO,VILA ARAGUAIA,2
SANTO ANDRE,JARDIM JOAQUIM EUGENIO DE LIMA,2
SAO PAULO,JARDIM RECORD,2
MAUA,JARDIM EDEN,2
MAUA,JARDIM HAYDEE,2
MAUA,JARDIM PAJUSSARA,2
SANTO ANDRE,JARDIM ITAPOAN,2
MAUA,JARDIM SANTISTA,2
MAUA,JARDIM SAO GABRIEL,2
BARUERI,VILA SAO LUIZ,2
BARUERI,RESIDENCIAL TAMBORE 1,2
MAUA,RECANTO VITAL BRASIL,2
SANTANA DE PARNAIBA,VILA FRANCA,2
MAUA,VILA AUGUSTO,2
MOGI DAS CRUZES,PARQUE DAS VARINHAS,2
VARGEM GRANDE PAULISTA,CENTRO,2
MAIRIPORA,MIRANTE MANTIQUEIRA II,2
SAO PAULO,JARDIM MARA,2
SAO PAULO,VILA JARAGUA,2
SAO PAULO,PONTE SECA,2
OSASCO,JARDIM SAO VICTOR,2
OSASCO,SETOR MILITAR,2
RIO GRANDE DA SERRA,JARDIM SANTA TEREZA,2
POA,CALMON VIANA,2
POA,CONJUNTO ALVORADA,2
SAO PAULO,JARDIM JOAMAR,2
POA,JARDIM BIRITIBA,2
POA,JARDIM DULCE,2
POA,JARDIM ESTELA,2
VARGEM GRANDE PAULISTA,CHACARA BELVEDERE,2
POA,JARDIM ITAMARATI,2
MOGI DAS CRUZES,PONTE GRANDE,2
SAO PAULO,JARDIM JOAQUIM,2
POA,JARDIM MEDINA,2
RIBEIRAO PIRES,SANTANA,2
SAO PAULO,VILA LAGEADO,2
RIBEIRAO PIRES,REPRESA,2
POA,VILA AMELIA,2
SAO PAULO,PQ COCAIA,2
POA,VILA JULIA,2
SAO PAULO,JARDIM LILA,2
RIBEIRAO PIRES,ITRAPOA,2
SAO PAULO,JARDIM LIDERANCA,2
SAO PAULO,JARDIM LIBANO,2
VARGEM GRANDE PAULISTA,JARDIM EUROPA,2
OSASCO,JARDIM CIRINO,2
OSASCO,JARDIM ACUCARA,2
SAO PAULO,JARDIM IVONE,2
SAO PAULO,JARDIM NOVA CARRAO,2
SAO PAULO,VILA ACRE,2
MOGI DAS CRUZES,REAL PARK TIETE JUNDIAPEBA,2
SAO PAULO,VILA MOINHO VELHO,2
SAO PAULO,JARDIM NORNA,2
SANTA ISABEL,RECANTO FELIZ,2
MOGI DAS CRUZES,SANTO ANGELO,2
MOGI DAS CRUZES,SAO SEBASTIAO,2
MOGI DAS CRUZES,TABOAO,2
MOGI DAS CRUZES,TOYAMA,2
BARUERI,JARDIM IRACEMA,2
BARUERI,ALDEIA DA SERRA,2
SANTA ISABEL,NOVO EDEN,2
MOGI DAS CRUZES,VILA BELA FLOR,2
MOGI DAS CRUZES,VILA BERNADOTTI,2
SAO PAULO,VILA MIRANDA,2
MOGI DAS CRUZES,VILA IPIRANGA,2
SAO PAULO,VILA MIEDEIROS,2
SAO PAULO,JARDIM MONTE AZUL,2
SAO PAULO,RECANTO VERDE,2
SAO PAULO,JARDIM MONJOLO,2
SANTA ISABEL,MONTE SERRAT,2
MOGI DAS CRUZES,VILA RESSACA,2
SAO PAULO,VILA ISOLINA,2
MOGI DAS CRUZES,VILA SAO FRANCISCO,2
BARUERI,VOTUPOCA,2
SANTO ANDRE,JARDIM RINA,2
MAIRIPORA,MATO DENTRO,2
CAIEIRAS,VILA SAO JOAO,2
CAJAMAR,VILA DAS AMERICAS,2
ITAQUAQUECETUBA,CUIABA,2
SAO BERNARDO DO CAMPO,JARDIM SANTO INACIO,2
ITAQUAQUECETUBA,JARDIM ADRIANA,2
SAO PAULO,JARDIM VAZ DE LIMA,2
CAJAMAR,TREVISO,2
SAO PAULO,VILA ZATT,2
SAO PAULO,JARDIM ELZA,2
ITAQUAQUECETUBA,JARDIM DO VALE,2
SAO BERNARDO DO CAMPO,JARDIM PINHEIROS,2
SAO BERNARDO DO CAMPO,JARDIM LAVINIA,2
SAO BERNARDO DO CAMPO,JARDIM JUSSARA,2
SAO PAULO,JARDIM TRES MARIA,2
VARGEM GRANDE PAULISTA,JARDIM MADALENA,2
ITAQUAQUECETUBA,JARDIM SAO PAULO,2
SAO PAULO,JARDIM TOCA,2
ITAQUAQUECETUBA,JARDIM TAMEN,2
SAO PAULO,VILA ARLINDA,2
TABOAO DA SERRA,PARQUE INDUSTRIAL DACI,2
TABOAO DA SERRA,PARQUE LAGUNA,2
ITAQUAQUECETUBA,MARENGO,2
SAO PAULO,JARDIM TAQUARAL,2
SAO PAULO,VILA FILOMENA,2
MAIRIPORA,MAIRIPORA,2
SAO PAULO,JARDIM STA EDWIG,2
SAO PAULO,JARDIM SOUZA,2
SAO PAULO,VILA SAO FRANCISCO,2
ITAQUAQUECETUBA,CONDOMINIO ALTOS DO PINHERINHO,2
ITAQUAQUECETUBA,CENTRO,2
SAO BERNARDO DO CAMPO,JARDIM SAO JORGE,2
ITAPEVI,RECANTO PAULISTANO,2
ITAPEVI,CONJUNTO HABITACIONAL SETOR B,2
CARAPICUIBA,JARDIM BOM PASTOR,2
SAO PAULO,JD CASABLANCA,2
ITAPEVI,ESTANCIA SAO FRANCISCO,2
ITAPEVI,JARDIM BELA VISTA BAIXA,2
ITAPEVI,JARDIM HOKKAIDO,2
ITAPEVI,JARDIM ITAPUA,2
TABOAO DA SERRA,JARDIM TRES MARIAS,2
RIBEIRAO PIRES,BARRO BRANCO,2
SAO PAULO,JD BANDEIRANTE,2
ITAPEVI,JD ALABAMA,2
ITAPEVI,PARQUE MIRAFLORES,2
SAO BERNARDO DO CAMPO,PARQUE IMIGRANTES,2
SAO BERNARDO DO CAMPO,JARDIM SAO LUIZ,2
SAO PAULO,JD ANTARTIA,2
SAO PAULO,TERCEIRA DIVISAO DE INTERLAGOS,2
SAO PAULO,JD ALPINO,2
SAO PAULO,VL FIRMIANO PINT,2
ITAPEVI,VILA DONA PAULINA,2
SAO BERNARDO DO CAMPO,NOVA BAETA,2
SAO BERNARDO DO CAMPO,JARDIM VIDA NOVA,2
ITAPEVI,VILA NOVA ITAPEVI,2
SAO PAULO,JARDIM EGLE,2
SAO BERNARDO DO CAMPO,JARDIM VIA ANCHIETA,2
ITAPEVI,VILA SANTA FLORA,2
SAO BERNARDO DO CAMPO,JARDIM SENHOR DO BONFIM,2
SAO PAULO,VILA SANTO ANTONIO,2
ITAQUAQUECETUBA,MONTE BELO,2
SAO PAULO,JARDIM SHANGRILA,2
JANDIRA,VL POPI,2
JANDIRA,JARDIM SAO LUIZ,2
JANDIRA,JARDIM SOL NASCENTE,2
SAO PAULO,JARDIM SAO CRISTOVAO,2
SAO BERNARDO DO CAMPO,JARDIM BELITA,2
SAO PAULO,VILA REIS,2
SAO PAULO,VILA REG FEIJO,2
SAO PAULO,JARDIM GUAPIRA,2
JANDIRA,VALE DO SOL,2
SAO PAULO,VILA QUITANDA,2
JANDIRA,VILA GODINHO,2
JANDIRA,VILA SAO NICOLAU,2
SANTO ANDRE,SILVEIRA,2
SANTO ANDRE,SANTO ANDRE,2
JANDIRA,JARDIM NOVO HORIZONTE,2
SAO PAULO,JARDIM HARMONIA,2
SAO PAULO,JARDIM SANTA LUCIA,2
MAIRIPORA,JARDIM DA SERRA,2
SANTO ANDRE,PARQUE JACATUBA,2
SANTO ANDRE,PARQUE GERASSI,2
SAO PAULO,VILA PQ JABAQUARA,2
SAO PAULO,VILA PORTUGUESA,2
TABOAO DA SERRA,VILA DAS OLIVEIRAS,2
SAO PAULO,JARDIM SANTA CRUZ,2
MAIRIPORA,JUQUERI MIRIM,2
SAO PAULO,VILA POPULAR,2
MAIRIPORA,LOTEAMENTO TERCASA,2
SANTO ANDRE,VILA MARINA,2
COTIA,NHAMBUCA,2
SAO PAULO,JARDIM GRIMALDI,2
ITAQUAQUECETUBA,VERANEIO MARACANA,2
SAO BERNARDO DO CAMPO,BALNEARIA,2
SAO PAULO,JARDIM SAO ROQUE,2
ITAQUAQUECETUBA,VILA JAPAO,2
ITAQUAQUECETUBA,VILA SONIA,2
SAO PAULO,JARDIM SAO JUDAS,2
JANDIRA,CENTRO,2
SAO PAULO,PARQUE SEVILHA,2
SAO PAULO,VILA ROSINHA,2
SAO PAULO,JARDIM SAO NOBERTO,2
ITAQUAQUECETUBA,VILA BARTIRA,2
ITAQUAQUECETUBA,VILA ARIZONA,2
ITAQUAQUECETUBA,PINHEIRINHO,2
SAO PAULO,VILA ROSA,2
SAO PAULO,JARDIM SAO MARCOS,2
JANDIRA,JARDIM DOLORES PACHOALIN,2
JANDIRA,JARDIM GABRIELA 2,2
SAO PAULO,JARDIM FUJIHARA,2
TABOAO DA SERRA,VILA FRANCISCO REMEIKIS,1
TABOAO DA SERRA,JARDIM IRACEMA,1
VARGEM GRANDE PAULISTA,CASA BLANCA,1
TABOAO DA SERRA,JARDIM TABOAO,1
SAO PAULO,RIO CLARO,1
TABOAO DA SERRA,JARDIM SAO LUIZ,1
TABOAO DA SERRA,VILA SONIA,1
SAO PAULO,REAL PARQUE COMUNIDADE,1
VARGEM GRANDE PAULISTA,JARDIM MARGARIDA,1
VARGEM GRANDE PAULISTA,JARDIM MIRIAN,1
SAO PAULO,RECANTO SANTO ANTONIO,1
VARGEM GRANDE PAULISTA,JARDIM HELENA MARIA,1
VARGEM GRANDE PAULISTA,JARDIM BETANIA,1
VARGEM GRANDE PAULISTA,NARITA GARDEN,1
TABOAO DA SERRA,JARDIM MARGARIDA,1
TABOAO DA SERRA,JARDIM PIRAJUSSARA,1
VARGEM GRANDE PAULISTA,JARDIM HARAS BELA VISTA GI II,1
TABOAO DA SERRA,PARQUE DAS CIGARREIRAS,1
TABOAO DA SERRA,VILA SANTA CRUZ,1
VARGEM GRANDE PAULISTA,PARQUE DO AGRESTRE,1
TABOAO DA SERRA,PARQUE SANTOS DUMONT,1
VARGEM GRANDE PAULISTA,TIJUCO PRETO,1
SAO PAULO,VILA YOLANDA,1
TABOAO DA SERRA,JARDIM GLORIA,1
SAO PAULO,VILA ANADIR,1
SAO PAULO,VILA AMERICA,1
SAO PAULO,VILA MARINA,1
SAO PAULO,VILA MERCEDES,1
SAO PAULO,VILA MIAMI,1
SAO PAULO,VILA ALMEIDA,1
SAO PAULO,VILA MONTE SANTO,1
SAO PAULO,VIILA COSTA MELO,1
SAO PAULO,VILA NARCISO,1
SAO PAULO,VILA NELSON,1
SAO PAULO,VIELA CARAGUATA,1
SAO PAULO,VILA NOSSA SENHORA APARECIDA,1
SAO PAULO,VIELA 2 B,1
SAO PAULO,VIELA 2 ARVORE DE SAO TOMAS,1
SAO PAULO,VILA NOVA ESPERANCA,1
SAO PAULO,VILA OLGA,1
SAO PAULO,VARZEA DE BAIXO,1
SAO PAULO,VILA OLIMPIA,1
SAO PAULO,VILA PAULINA,1
SAO PAULO,VILA PEREIRA CERCA,1
SAO PAULO,VILA PETRONITA,1
SAO PAULO,VILA PIRITUBA,1
SAO PAULO,VILA PORTUGAL,1
SAO PAULO,VILA PQE JABAQUARA,1
SAO PAULO,V NA UTINGA,1
SAO PAULO,V N CACHOEIRINHA,1
SAO PAULO,VILA ROCHEL,1
SAO PAULO,VILA SAMPAIO,1
SAO PAULO,VILA SANRA TEREZA,1
SAO PAULO,V BELA VISTA,1
SAO PAULO,VILA ANA CLARA,1
SAO PAULO,VILA LUCIA ELVIRA,1
SAO PAULO,VILA SAO NICOLAU,1
SAO PAULO,VILA LISBOA,1
SAO PAULO,VILA CAMPANELLA,1
SAO PAULO,VILA CANERO,1
SAO PAULO,VILA CARLOS DE CAMPOS,1
SAO PAULO,VILA CARMEM,1
SAO PAULO,VILA CLEMENTINO,1
SAO PAULO,VILA BRASILANDIA,1
SAO PAULO,VILA CONGONHAS,1
SAO PAULO,VILA COSMOPOLITA,1
SAO PAULO,VILA COSTA NEVES BRAS,1
SAO PAULO,VILA CRISTALIA,1
SAO PAULO,VILA CURUCAF,1
SAO PAULO,VILA DARLY,1
SAO PAULO,VILA DIANA,1
SAO PAULO,VILA DIVINA PASTORA,1
SAO PAULO,VILA FALCONI,1
SAO PAULO,VILA FIGALDO,1
SAO PAULO,VILA FIRMIANO PIINTO,1
SAO PAULO,VILA FLORINDA,1
SAO PAULO,VILA ARCADIA,1
SAO PAULO,VILA GERMAINE,1
SAO PAULO,VILA GERMINAL,1
SAO PAULO,RAPOSO TAVARES,1
SAO PAULO,VILA HERMINIA,1
SAO PAULO,VILA HERMINIA LOPES,1
SAO PAULO,VILA IMPERIO,1
SAO PAULO,VILA INERNADA,1
SAO PAULO,VILA ITABERABA,1
SAO PAULO,VILA IVONE,1
SAO PAULO,VILA JOSE MOREIRA,1
SAO PAULO,VILA SANTA VIRGINIA,1
SAO PAULO,VILA SAO VICENTE,1
TABOAO DA SERRA,JARDIM CANER,1
SUZANO,JARDIM MIRIAM,1
SAO PAULO,SAO JOSE,1
SUZANO,JARDIM PLANALTO,1
SUZANO,JARDIM PORTUGALIA,1
SUZANO,JARDIM QUARESMEIRA II,1
SUZANO,JARDIM REALCE,1
SAO PAULO,SAO DONINGOS,1
SUZANO,JARDIM SANTA LUCIA,1
SUZANO,JARDIM SANTA MARIA,1
SUZANO,JARDIM SAUDE,1
SAO PAULO,SANTTO ELIAS,1
SAO PAULO,SANTO ELIAS,1
SUZANO,MIGUEL BADRA,1
SUZANO,PALMEIRAS,1
SUZANO,PARQUE ASTURIAS,1
SUZANO,PARQUE CEREJEIRAS,1
SUZANO,RECREIO RIO BONITO,1
SUZANO,SUZANOPOLIS,1
SUZANO,TABAMARAJOARA,1
SUZANO,VILA ADELINA,1
SUZANO,VILA BARROS,1
SUZANO,VILA COLORADO,1
SUZANO,VILA COSTA,1
SAO PAULO,SANTA AMALIA,1
SUZANO,VILA MARIA MAGGI,1
SUZANO,VILA NOVA DAS LAVRAS,1
SUZANO,VILA NOVA URUPES,1
SAO PAULO,RUA SANTA RITA DO SAPUCAI,1
TABOAO DA SERRA,CONJUNTO RESIDENCIAL PARQUE LAGUNA,1
TABOAO DA SERRA,JARDIM BEATRIZ,1
SUZANO,JARDIM NENA,1
SUZANO,JARDIM MARIA EMILIA,1
SAO PAULO,VILA SAPOPEMBA,1
SUZANO,JARDIM LINCOLN,1
SAO PAULO,VILA SUICA,1
SAO PAULO,VILA TEIXEIRA,1
SAO PAULO,TRINDADE,1
SAO PAULO,VILACURUCA,1
SAO PAULO,TRAVSSA SAO PEDRO,1
SAO PAULO,VL BRASILIO MACHADO,1
SAO PAULO,VL CURUCA,1
SAO PAULO,TRAV ALDO RIBEIRO LUZ,1
SAO PAULO,VL INDEPENDENCIA,1
SAO PAULO,VL MARIANA,1
SAO PAULO,VL MUNHOZ,1
SAO PAULO,SUPER QUADRA MORUMBI,1
SAO PAULO,SUMAREZINHO,1
SAO PAULO,VL PROGRESSO,1
SAO PAULO,SOL NASCENTE,1
SUZANO,BAIRRO CHACARAS,1
SAO PAULO,SITIO ITABERABA I,1
SUZANO,CHACARA BOM SOSSEGO,1
SUZANO,CHACARA MONTE CARLO,1
SUZANO,DONA BENTA,1
SUZANO,ESTANCIA AMERICANA,1
SUZANO,ESTANCIA ANGELINA,1
SUZANO,ESTANCIA SAO LUIS,1
SUZANO,FAZENDA AYA,1
SAO PAULO,SETOT G,1
SUZANO,JARDIM AMAZONAS,1
SUZANO,JARDIM COLORADO,1
SUZANO,JARDIM DAS FLORES,1
SUZANO,JARDIM ITAMARACA,1
ARUJA,ARUJA,1
SAO PAULO,CHACARA MARIETA,1
SAO PAULO,PQUE PAINEIRAS,1
ITAPEVI,TRANSURB,1
ITAQUAQUECETUBA,JAGUARI,1
ITAQUAQUECETUBA,CAIUBI,1
ITAQUAQUECETUBA,ACAFRAO,1
ITAPEVI,VILA SAO JOAO,1
ITAPEVI,VILA SANTO ANTONIO,1
ITAPEVI,VILA ITAGUASSU,1
ITAPEVI,VILA BELMIRA,1
ITAPEVI,VILA AURORA,1
ITAPEVI,PARQUE SANTO ANTONIO,1
MOGI DAS CRUZES,CONJUNTO JEFFERSON,1
ITAPEVI,JARDIM NOVA SAO PAULO,1
ITAPEVI,JARDIM NOVA ITAPEVI,1
ITAPEVI,JARDIM MARINA,1
ITAPEVI,JARDIM MARIA CECILIA,1
ITAPEVI,JARDIM ITAPEVI,1
ITAPEVI,CRUZ GRANDE,1
ITAPEVI,COHAB 2,1
ITAPEVI,COHAB 1,1
ITAQUAQUECETUBA,JARDIM ADRIANE,1
ITAQUAQUECETUBA,JARDIM AMERICA,1
ITAQUAQUECETUBA,JARDIM ANITA,1
ITAQUAQUECETUBA,JARDIM CAROLINA,1
ITAQUAQUECETUBA,JARDIM SERRA DOURADA,1
ITAQUAQUECETUBA,JARDIM SAO JERONIMO,1
ITAQUAQUECETUBA,JARDIM SANTA HELENA,1
ITAQUAQUECETUBA,JARDIM RIO NEGRO,1
ITAQUAQUECETUBA,JARDIM PAINEIRA,1
ITAQUAQUECETUBA,JARDIM NOVA ITAQUA,1
ITAQUAQUECETUBA,JARDIM NAPOLI,1
ITAQUAQUECETUBA,JARDIM MONICA,1
ITAQUAQUECETUBA,JARDIM MIRAY,1
ITAQUAQUECETUBA,JARDIM MARCELO,1
ITAQUAQUECETUBA,JARDIM LUANA,1
ITAQUAQUECETUBA,JARDIM JOSELY,1
ITAQUAQUECETUBA,JARDIM JOANDRA,1
ITAQUAQUECETUBA,JARDIM ITAPUA,1
ITAQUAQUECETUBA,JARDIM GONCALVES,1
ITAQUAQUECETUBA,JARDIM DOS BURITIS,1
ITAQUAQUECETUBA,JARDIM DO CARMO,1
ITAPEVI,CIDADE DA SAUDE,1
ITAPEVI,BAIRRO SANTA RITA,1
ITAPECERICA DA SERRA,VILA SANTA MARIA,1
GUARULHOS,JARDIM JACY,1
GUARULHOS,JARDIM FLOR DO CAMPO,1
GUARULHOS,JARDIM CARVALHO,1
GUARULHOS,JARDIM BELA VISTA,1
GUARULHOS,JARDIM BANANAL,1
GUARULHOS,JARDIM ALBERTINA,1
GUARULHOS,JARDIM ALAMO,1
GUARULHOS,JARDIM AERODROMO,1
GUARULHOS,CIDADE SOIMCO,1
GUARULHOS,CIDADE SATELITE,1
GUARULHOS,CIDADE JARDIM CUMBICA,1
GUARULHOS,CIDADE INDUSTRIAL SATELITE DE SAO PAULO,1
GUARULHOS,CHATUBA,1
GUARULHOS,ALVORADA,1
FRANCO DA ROCHA,VILA ZANELA,1
FRANCO DA ROCHA,VILA ROSALINA,1
FRANCO DA ROCHA,VILA PALMARES,1
FRANCO DA ROCHA,VILA JOSEFINA,1
GUARULHOS,JARDIM HANNA,1
GUARULHOS,JARDIM LAS VEGAS,1
ITAPECERICA DA SERRA,VILA GENI,1
GUARULHOS,JARDIM NOVO PORTUGAL,1
ITAPECERICA DA SERRA,RESSACA,1
ITAPECERICA DA SERRA,PARQUE DELFIM VERDE,1
ITAPECERICA DA SERRA,JARDIM VITORIA,1
ITAPECERICA DA SERRA,JARDIM PARAISO,1
ITAPECERICA DA SERRA,JARDIM NOGUEIRA,1
ITAPECERICA DA SERRA,JARDIM MIRANTE,1
ITAPECERICA DA SERRA,JARDIM DO CARMO II,1
ITAPECERICA DA SERRA,JACEGUAVA,1
ITAPECERICA DA SERRA,ALDEINHA,1
GUARULHOS,VILA ROSALIA,1
GUARULHOS,VILA PARAISO,1
GUARULHOS,VILA ANY,1
GUARULHOS,VILA ANNY,1
GUARULHOS,SAO ROQUE,1
GUARULHOS,PARQUE ESTELA,1
GUARULHOS,JARDIM SAO MANOEL,1
GUARULHOS,JARDIM SANTA RITA III,1
ITAQUAQUECETUBA,JARDIM TROPICAL,1
ITAQUAQUECETUBA,JARDIM VALPARAISO,1
ITAQUAQUECETUBA,JARDIM VIANA,1
MAUA,JARDIM CAMARGO,1
MAUA,JARDIM ARAGUAIA,1
MAUA,JARDIM ARACY,1
MAUA,JARDIM AGATTI,1
MAUA,CAPUAVA,1
MAIRIPORA,VILA MACHADO,1
MAIRIPORA,SERRA DA CANTAREIRA,1
MAIRIPORA,SAUSALITO,1
MAIRIPORA,SAO VICENTE,1
MAIRIPORA,ROSEIRA,1
MAIRIPORA,REMEDIOS,1
MAIRIPORA,RANCHO GRANDE,1
MAIRIPORA,PIRUCAIA,1
MAIRIPORA,PARQUE PETROPOLIS,1
MAIRIPORA,PARQUE DA REPRESA,1
MAIRIPORA,LAVAPES,1
MAIRIPORA,JARDIM PEREIRA,1
MAIRIPORA,JARDIM PARAISO,1
MAUA,JARDIM BOM RECANTO,1
MAUA,JARDIM CAMILA,1
MAIRIPORA,JARDIM FERNAO DIAS,1
MAUA,JARDIM ITAUSSU,1
MOGI DAS CRUZES,CHACARA DOS BAIANOS,1
MOGI DAS CRUZES,CHACARA ALVARO BOVOLENTA,1
MAUA,VILA TAVARES,1
MAUA,VILA SANTA ROSA,1
MAUA,VILA REAL,1
MAUA,VILA MORELLI,1
MAUA,VILA EMILIO,1
MAUA,VILA DIRCE,1
MAUA,NUCLEO CINCINATO BRAGA,1
MAUA,MATRIZ,1
MAUA,JARDIM SILVIA MARIA,1
MAUA,JARDIM SILVIA,1
MAUA,JARDIM SAO SEBASTIAO,1
MAUA,JARDIM SAO JUDAS,1
MAUA,JARDIM SAO JOAO,1
MAUA,JARDIM SANTANA,1
MAUA,JARDIM SAMPAIO VIDAL,1
MAIRIPORA,JARDIM LUCIA,1
MAIRIPORA,JACARANDAS,1
ITAQUAQUECETUBA,JOSELI,1
JANDIRA,FIGUEIRAO,1
JANDIRA,ALTOS DE SAO FERNANDO,1
ITAQUAQUECETUBA,VILA URSULINA,1
ITAQUAQUECETUBA,VILA PASSALACQUA,1
ITAQUAQUECETUBA,VILA FERREIRA,1
ITAQUAQUECETUBA,VILA ERCILIA,1
ITAQUAQUECETUBA,VILA CELESTE,1
ITAQUAQUECETUBA,SANTA TEREZA,1
ITAQUAQUECETUBA,PIUM,1
ITAQUAQUECETUBA,PARQUE VIVIANE,1
ITAQUAQUECETUBA,PARQUE RESINDENCIAL MARENGO,1
ITAQUAQUECETUBA,PARQUE NOVO HORIZONTE,1
ITAQUAQUECETUBA,PARQUE MARENGO,1
ITAQUAQUECETUBA,PARQUE DIRCE,1
ITAQUAQUECETUBA,NOSSA SENHORA DAS GRACAS,1
ITAQUAQUECETUBA,MARENGO ALTO,1
ITAQUAQUECETUBA,MANOEL FEIO,1
ITAQUAQUECETUBA,MANDI,1
JANDIRA,CONDOMINIO NOVA PAULISTA,1
JANDIRA,JARDIM ALVORADA,1
MAIRIPORA,CANJICA,1
JANDIRA,JARDIM BELMONT,1
JANDIRA,VL SANTA ROSA,1
JANDIRA,VILA DIOGO BALHESTEIRO,1
JANDIRA,VALE VERDE,1
JANDIRA,PARQUE DO LAGO,1
JANDIRA,NOVA HIGIENOPOLIS,1
JANDIRA,MIRANTE DE JANDIRA,1
JANDIRA,JD PALMEIRAS,1
JANDIRA,JD GABRIELA 3,1
JANDIRA,JD GABRIELA 1,1
JANDIRA,JD CENTENARIO,1
JANDIRA,JD BROTINHO,1
JANDIRA,JD BRIQUET,1
JANDIRA,JARDIM SAO JOAO,1
JANDIRA,JARDIM ROSA EMILIA,1
JANDIRA,JARDIM GABRIELA 3,1
JANDIRA,JARDIM EUROPA,1
JANDIRA,JARDIM BROTINHO,1
FRANCO DA ROCHA,VILA IDA,1
FRANCO DA ROCHA,PARQUE PAULISTA,1
FRANCO DA ROCHA,PARQUE EUCALIPTOS,1
COTIA,CHACARA RINCAO,1
COTIA,BAIRRO DA GRACA,1
COTIA,ASSENTAMENTO CAPUTERA,1
COTIA,ALTOS DE CAUCAIA CAUCAIA DO ALTO,1
CARAPICUIBA,VILA SANTO ANTONIO,1
CARAPICUIBA,VILA SANTA LUCIA,1
CARAPICUIBA,VILA ROSA,1
CARAPICUIBA,VILA QUINTINO,1
CARAPICUIBA,VILA OLIVINA,1
CARAPICUIBA,VILA MARGARIDA,1
CARAPICUIBA,VILA FREITAS,1
CARAPICUIBA,JARDIM SANTA RITA,1
CARAPICUIBA,JARDIM MESQUITA,1
CARAPICUIBA,JARDIM LEONOR,1
CARAPICUIBA,JARDIM FELIPE,1
CARAPICUIBA,JARDIM CIBELE,1
CARAPICUIBA,JARDIM BULBOW,1
CARAPICUIBA,JARDIM ALFREDO SONCINI,1
COTIA,CHACARA CANTA GALO,1
COTIA,CHACARA ROSELANDIA,1
CARAPICUIBA,CHACARA VALE DO RIO COTIA,1
COTIA,CHACARA SANTA MARIA,1
COTIA,MOINHO VELHO,1
COTIA,LAJEADO,1
COTIA,LAGEADO,1
COTIA,JARDIM SANTANA,1
COTIA,JARDIM SABIA,1
COTIA,JARDIM REBELATO,1
COTIA,JARDIM PIONEIRA,1
COTIA,JARDIM MONTE SANTO,1
COTIA,JARDIM MARANHAO,1
COTIA,JARDIM ELIAS,1
COTIA,JARDIM DO RIO COTIA,1
COTIA,JARDIM DINORAH,1
COTIA,JARDIM CENTRAL,1
COTIA,JARDIM ARCO VERDE,1
COTIA,HORIZONTAL PARK,1
COTIA,COTIA,1
COTIA,COLINAS DE COTIA,1
CARAPICUIBA,CORINTINHA,1
CARAPICUIBA,CHACARA DO REFUGIO,1
COTIA,MORRO GRANDE,1
BARUERI,JARDIM SAO JOSE,1
BARUERI,JARDIM ESPERANCA,1
BARUERI,JARDIM DOS CAMARGOS,1
BARUERI,CHACARA MARCO,1
BARUERI,ALPHAVILLE 0,1
BARUERI,ALPHA CONDE II,1
ARUJA,PILAR,1
ARUJA,NOSSA SENHORA DO CARMO,1
ARUJA,LAVORARE ARUJA,1
ARUJA,JARDIM SAO JOSE,1
ARUJA,JARDIM SANTO ANTONIO,1
ARUJA,JARDIM PLANALTO,1
ARUJA,JARDIM EMILIA,1
ARUJA,JARDIM DAS CEREJEIRAS,1
ARUJA,CHACARA SAO JOSE,1
ARUJA,CACHOEIRA,1
ARUJA,ARUJAZINHO IV,1
ARUJA,ARUJAZINHO I E II E III,1
BARUERI,JARDIM REGINA ALICE,1
BARUERI,JARDIM TUPAN,1
CARAPICUIBA,CHACARA DAS PAINEIRAS,1
BARUERI,JD PINDORAMA,1
CARAPICUIBA,CHACARA DAS FLORES,1
CAJAMAR,PORTAL DOS IPES 3,1
CAJAMAR,MORADA PITORESCA,1
CAJAMAR,GUATURINHO,1
CAJAMAR,COLINA MARIA LUIZA,1
CAJAMAR,AGUA FRIA,1
CAIEIRAS,SITIO APARECIDA,1
CAIEIRAS,SANTA INES,1
CAIEIRAS,JARDIM VITORIA,1
CAIEIRAS,JARDIM SERRA GRANDE,1
CAIEIRAS,JARDIM MIRAVAL,1
CAIEIRAS,CALCAREA,1
BARUERI,VILA SAO SILVESTRE,1
BARUERI,VILA DO CONDE,1
BARUERI,TAMBORE,1
BARUERI,RESIDENCIAL ALPHAVILLE 1,1
BARUERI,PARQUE ESMERALDA,1
COTIA,MONJOLO,1
COTIA,NAKAMURA PARK,1
FRANCO DA ROCHA,JARDIM DOS LAGOS,1
FRANCISCO MORATO,JARDIM BUENOS AIRES,1
FRANCISCO MORATO,JARDIM ANTOMAR,1
FRANCISCO MORATO,JARDIM ALEXANDRA,1
FRANCISCO MORATO,JARDIM,1
FRANCISCO MORATO,FRANCISCO MORATO,1
FRANCISCO MORATO,CHACARAS R S ALEIXO,1
FRANCISCO MORATO,CHACARA MARTHA,1
FERRAZ DE VASCONCELOS,VL PANUCCE,1
FERRAZ DE VASCONCELOS,VILA SANTA CATARINA,1
FERRAZ DE VASCONCELOS,VILA PRIMAVERA,1
FERRAZ DE VASCONCELOS,VILA PANUCCE,1
FERRAZ DE VASCONCELOS,VILA LOANDA,1
FERRAZ DE VASCONCELOS,VILA DAS NACOES,1
FERRAZ DE VASCONCELOS,VILA CORREA JARDIM SELMA HELENA E SOL NASCENTE,1
FERRAZ DE VASCONCELOS,VILA AYDA,1
FERRAZ DE VASCONCELOS,VILA ANDREIA,1
FERRAZ DE VASCONCELOS,SAN GIOVANI,1
FERRAZ DE VASCONCELOS,PARQUE DOUURADO,1
FRANCISCO MORATO,JARDIM BOM SUCESSO,1
FRANCISCO MORATO,JARDIM EGLEN,1
FERRAZ DE VASCONCELOS,JARDIM VISTA ALEGRE,1
FRANCISCO MORATO,JARDIM ELIZA,1
FRANCO DA ROCHA,JARDIM DOS BANDEIRANTES,1
FRANCO DA ROCHA,JARDIM ALPINO,1
FRANCO DA ROCHA,JARDIM ALICE,1
FRANCO DA ROCHA,COMPANHIA FAZENDA BELEM,1
FRANCISCO MORATO,VILA ROSSI,1
FRANCISCO MORATO,VILA PRIMAVERA,1
FRANCISCO MORATO,VILA HELOISA,1
FRANCISCO MORATO,SANTO ANTONIO,1
FRANCISCO MORATO,PORTAL DO LAGO,1
FRANCISCO MORATO,PARQUE PAULISTA,1
FRANCISCO MORATO,JARDIM VIRGINIA,1
FRANCISCO MORATO,JARDIM ROGERIO LEVORIN,1
FRANCISCO MORATO,JARDIM PROFESSOR FRANCISCO MORATO,1
FRANCISCO MORATO,JARDIM PRIMAVERA,1
FRANCISCO MORATO,JARDIM PLANALTO DO BELEM,1
FRANCISCO MORATO,JARDIM NOVA MORADA,1
FRANCISCO MORATO,JARDIM MEU RECANTO,1
FERRAZ DE VASCONCELOS,PARQUE ATLANTICA,1
FERRAZ DE VASCONCELOS,JARDIM VICO,1
COTIA,OLIVEIRAS,1
EMBU-GUACU,FLAMINGO,1
EMBU-GUACU,CIPO GUACU,1
EMBU-GUACU,CHACARA LIBARDI SCHIMIDT,1
DIADEMA,JARDIM RUYCE,1
DIADEMA,09930530,1
COTIA,VILA SAO JOAQUIM,1
COTIA,VALLE VERDE,1
COTIA,RIO COTIA,1
COTIA,RESSACA,1
COTIA,RESIDENCIAL VIVA CAUCAIA II,1
COTIA,PORTAL DO SANTA PAULA,1
COTIA,PORTAL DA PRIMAVERA,1
COTIA,PLANALTO DE CAUCAIA,1
COTIA,PITAS,1
COTIA,PEREIRAS,1
COTIA,PARQUE RINCAO,1
COTIA,PARQUE MIRANTE DA MATA,1
COTIA,PAISAGEM RENOIR,1
EMBU-GUACU,DOS BORGES,1
EMBU-GUACU,JARDIM CAMPESTRE,1
FERRAZ DE VASCONCELOS,JARDIM SANTA ROSA,1
EMBU-GUACU,JARDIM DA REPRESA DO CIPO,1
FERRAZ DE VASCONCELOS,JARDIM PRIMAVERA,1
FERRAZ DE VASCONCELOS,JARDIM MERCEDES,1
FERRAZ DE VASCONCELOS,JARDIM MALDA,1
FERRAZ DE VASCONCELOS,JARDIM JULIO DE CARVALHO,1
FERRAZ DE VASCONCELOS,JARDIM JOSE FERREIRA,1
FERRAZ DE VASCONCELOS,JARDIM IMPERIAL,1
FERRAZ DE VASCONCELOS,JARDIM DO SOL,1
FERRAZ DE VASCONCELOS,JARDIM DAS FLORES,1
FERRAZ DE VASCONCELOS,JARDIM CAPIM GUASSU,1
FERRAZ DE VASCONCELOS,JARDIM AMALFI,1
FERRAZ DE VASCONCELOS,JARDIM ALICE,1
FERRAZ DE VASCONCELOS,CONJUNTO SAO MIGUEL,1
EMBU-GUACU,VALE TRANQUILO,1
EMBU-GUACU,SANTA FE,1
EMBU-GUACU,PENTEADO,1
EMBU-GUACU,JARDIM SAO PAULO,1
EMBU-GUACU,JARDIM DAS PACAS,1
MOGI DAS CRUZES,CONJUNTO HABITACIONAL SAO SEBASTIAO,1
MOGI DAS CRUZES,ITAPETI,1
SAO PAULO,PQ VL MARIA,1
SAO PAULO,JARDIM MARACANA,1
SAO PAULO,JARDIM NOSSO LAR,1
SAO PAULO,JARDIM NOSSA SENHORA DO CARMO,1
SAO PAULO,JARDIM NELLY,1
SAO PAULO,JARDIM NEIDE,1
SAO PAULO,JARDIM MORAIS PRADO,1
SAO PAULO,JARDIM MONTE BELO,1
SAO PAULO,JARDIM MIRANTE,1
SAO PAULO,JARDIM MAZA,1
SAO PAULO,JARDIM MARABA,1
MOGI DAS CRUZES,JARDIM ARACY,1
SAO PAULO,JARDIM MANACA,1
SAO PAULO,JARDIM MACHADO,1
SAO PAULO,JARDIM LEONOR,1
SAO PAULO,JARDIM LAR NACIONAL,1
SAO PAULO,JARDIM KIKA,1
SAO PAULO,JARDIM JOBAR,1
SAO PAULO,JARDIM JOAO XXIII,1
SAO PAULO,JARDIM JABAQUARA,1
SAO PAULO,JARDIM NOVE JULHO,1
SAO PAULO,JARDIM PARANAPANENA,1
SAO PAULO,JARDIM PEROLA 3,1
SAO PAULO,JARDIM PETROPOLIS,1
SAO PAULO,JARDIM TERESA,1
SAO PAULO,JARDIM TANAY,1
SAO PAULO,JARDIM SELESTE,1
SAO PAULO,JARDIM SAPOOEMBA,1
SAO PAULO,JARDIM SAO JOAQUIM,1
SAO PAULO,JARDIM SANTO ANTONINHO,1
SAO PAULO,JARDIM SANTA GERTRUDES,1
SAO PAULO,JARDIM SANTA DE,1
SAO PAULO,JARDIM SABARA,1
SAO PAULO,JARDIM ROSHEL,1
SAO PAULO,JARDIM RIVIERA,1
SAO PAULO,JARDIM REAL,1
SAO PAULO,JARDIM RAPOSO TAVARES,1
SAO PAULO,JARDIM PROMISSAO,1
SAO PAULO,JARDIM POUSO ALEGRE,1
SAO PAULO,JARDIM PORTAL,1
SAO PAULO,JARDIM PIQUEROBI,1
SAO PAULO,JARDIM ITAPOLS,1
SAO PAULO,JARDIM ITAMARATI,1
SAO PAULO,JARDIM IPERADOR,1
SAO PAULO,JARDIM BANDEIRANTES,1
SAO PAULO,JARDIM ARIICANDUVA,1
SAO PAULO,JARDIM ANALIA FRANCO,1
SAO PAULO,JARDIM ANA LUCIA,1
SAO PAULO,JARDIM ALIANCA,1
SAO PAULO,JARDIM ALEXANDRINA PEREIRA,1
SAO PAULO,JARDIM ALADIM,1
SAO PAULO,JARDIM 9 DE JULHO,1
SAO PAULO,JARDIM,1
SAO PAULO,JARDIIM IGUATEMI,1
SAO PAULO,IGUACU,1
SAO PAULO,GUANHEMBU 2,1
SAO PAULO,FLOR DA CANTAREIRA,1
SAO PAULO,FAVELA SOROCABANA 2,1
SAO PAULO,FAVELA SANTA EDWIRGES,1
SAO PAULO,FAVELA SANTA EDWIGES,1
SAO PAULO,FAVELA JARDIM SAO JOAO XIV,1
SAO PAULO,FAVELA JARDIM SAO JOAO VIII,1
SAO PAULO,JARDIM ARMINDO,1
SAO PAULO,JARDIM CAMARGO NOVO,1
SAO PAULO,JARDIM HIPICO,1
SAO PAULO,JARDIM CAMBARA,1
SAO PAULO,JARDIM GRAUNA,1
SAO PAULO,JARDIM GISMAR,1
SAO PAULO,JARDIM FRANCISCO MENDES,1
SAO PAULO,JARDIM FLOR DE MAIO,1
SAO PAULO,JARDIM FIGUEIRA GRANDE,1
SAO PAULO,JARDIM EDITH,1
SAO PAULO,JARDIM DUPRAT,1
SAO PAULO,JARDIM DOS PINHEIROS,1
SAO PAULO,JARDIM DOM BOSCO,1
SAO PAULO,JARDIM DO RUSSO,1
SAO PAULO,JARDIM DO EDEN,1
SAO PAULO,JARDIM DINAR,1
SAO PAULO,JARDIM DAS PALMAS,1
SAO PAULO,JARDIM DAS BANDEIRAS,1
SAO PAULO,JARDIM DA COROA,1
SAO PAULO,JARDIM CORDEIRO,1
SAO PAULO,JARDIM CAMELIA,1
SAO PAULO,JARDIM THEALIA,1
SAO PAULO,JARDIM UBIRAJARA,1
SAO PAULO,JARDIM UMURAMA,1
SAO PAULO,PARQUE ARTUR ALVIM,1
SAO PAULO,PARQUE ALVES DE LIMA,1
SAO PAULO,PAPAI NOEL,1
SAO PAULO,ODASSI MAZALLI,1
SAO PAULO,NOVO SAO NORBERTO,1
SAO PAULO,NOVA AMERICA,1
SAO PAULO,MONTE LIBANO,1
SAO PAULO,MARIA SAMPAIO,1
SAO PAULO,LTAIM PAULISTA,1
SAO PAULO,LEONIDAS MOREIRA,1
SAO PAULO,KM 48,1
SAO PAULO,JRD HELENA,1
SAO PAULO,JQRDIM FRANCISCO MENDES,1
SAO PAULO,JDM JABAQUARA,1
SAO PAULO,JDIM SANTA MONICA,1
SAO PAULO,JDIM FLOR MAIO,1
SAO PAULO,JDANTARTICA,1
SAO PAULO,JD VL VARRAO,1
SAO PAULO,PARQUE ANHANGUERA,1
SAO PAULO,PARQUE DA VILA PRUDENTE,1
SAO PAULO,JD VALE DA RIBEIRA,1
SAO PAULO,PARQUE DOM JOAO NERI,1
SAO PAULO,PQ TOMAS SARAIVA,1
SAO PAULO,PQ MARIA LUISA,1
SAO PAULO,PQ FLORESTAL,1
SAO PAULO,PQ DO CARMO,1
SAO PAULO,PQ DEISE,1
SAO PAULO,PQ ALTO RIO BONITO,1
SAO PAULO,PLANALTO PAULISTA,1
SAO PAULO,PAULISTANO,1
SAO PAULO,PARQUE TOMAS SARAIVA,1
SAO PAULO,PARQUE TOMAS SARAI,1
SAO PAULO,PARQUE RES COCAIA,1
SAO PAULO,PARQUE PRIMAVERA,1
SAO PAULO,PARQUE PEREIRA,1
SAO PAULO,PARQUE NACOES UNIDAS,1
SAO PAULO,PARQUE MUNHOZ,1
SAO PAULO,PARQUE FERNANDO,1
SAO PAULO,PARQUE FERANDA,1
SAO PAULO,JD VL FORMOSA,1
SAO PAULO,JD UMARIZAL,1
SAO PAULO,JARDIM UNIVERSAL,1
SAO PAULO,JD GUANNAN,1
SAO PAULO,JD DUPRAT,1
SAO PAULO,JD DOS EUCALIPTOS,1
SAO PAULO,JD DO LAGOS,1
SAO PAULO,JD DA CACHOEIRA,1
SAO PAULO,JD CRIS,1
SAO PAULO,JD CLIMAX,1
SAO PAULO,JD CENTRAL,1
SAO PAULO,JD CEDRO DO LIBANO,1
SAO PAULO,JD CAMPINAS,1
SAO PAULO,JD CAMBARA,1
SAO PAULO,JD BONITO IPORANGA,1
SAO PAULO,JD BOA ESPERANCA,1
SAO PAULO,JD BARREIRA GRANDE,1
SAO PAULO,JD ANGELINA,1
SAO PAULO,JARDIM XANGRILA,1
SAO PAULO,JARDIM WILMA FLOR,1
SAO PAULO,JARDIM VERONICA,1
SAO PAULO,JD EDDA II,1
SAO PAULO,JD IBIRAPUERA,1
SAO PAULO,JD STA TEREZINHA,1
SAO PAULO,JD ICARAI,1
SAO PAULO,JD STA TERESA,1
SAO PAULO,JD SONIA MARLI,1
SAO PAULO,JD SAO RAFAEL,1
SAO PAULO,JD SAO MARCOS,1
SAO PAULO,JD SANTO ANDRE,1
SAO PAULO,JD ROCHEL,1
SAO PAULO,JD REGIS,1
SAO PAULO,JD RECANTO VERDE,1
SAO PAULO,JD PIRACUAMA,1
SAO PAULO,JD PAULISTA,1
SAO PAULO,JD ORIENTE,1
SAO PAULO,JD NOVO MARILDA,1
SAO PAULO,JD MARILDA,1
SAO PAULO,JD LUANDA,1
SAO PAULO,JD LABITARY,1
SAO PAULO,JD JAPAO,1
SAO PAULO,JD IDEAL,1
SAO PAULO,FAVELA JARDIM SAO JOAO 3,1
SAO PAULO,FAVELA JARDIM CELESTE 2,1
SAO PAULO,FAVELA DA CACHOEIRINHA,1
SANTA ISABEL,BAIRRO CACHOEIRA,1
RIO GRANDE DA SERRA,VILA SANTO ANTONIO,1
RIO GRANDE DA SERRA,VILA LOPES,1
RIO GRANDE DA SERRA,VILA LAVINIA,1
RIO GRANDE DA SERRA,VILA FIGUEIREDO,1
RIO GRANDE DA SERRA,VILA ARNOUD,1
RIO GRANDE DA SERRA,RIO PEQUENO,1
RIO GRANDE DA SERRA,PARQUE AMERICA,1
RIO GRANDE DA SERRA,JARDIM GUIOMAR,1
RIBEIRAO PIRES,VILA SUELI,1
RIBEIRAO PIRES,RIBERAO PIRES,1
RIBEIRAO PIRES,POUSO ALEGRE,1
RIBEIRAO PIRES,JARDIM PLANTEUCAL,1
RIBEIRAO PIRES,JARDIM DO MIRANTE,1
RIBEIRAO PIRES,CENTRO,1
POA,VILA VARELA,1
POA,VILA SANTA LUIZA,1
POA,VILA PERETA,1
RIO GRANDE DA SERRA,VILA SAO JOAO,1
SANTA ISABEL,BROTAS,1
POA,VILA JULIIA,1
SANTA ISABEL,CENTRO,1
SANTANA DE PARNAIBA,CHACARAB SOLAR II,1
SANTANA DE PARNAIBA,CHACARA SAO LUIZ,1
SANTANA DE PARNAIBA,CENTRO DE APOIO ALPHAVILLE,1
SANTANA DE PARNAIBA,ALPHAVILLE 9,1
SANTANA DE PARNAIBA,ALPHAVILLE 6,1
SANTANA DE PARNAIBA,ALPHAVILLE 3,1
SANTA ISABEL,TORRE,1
SANTA ISABEL,SANTA ISABEL,1
SANTA ISABEL,POUSO ALEGRE,1
SANTA ISABEL,PARQUE SANTA TEREZA,1
SANTA ISABEL,LANIFICIO,1
SANTA ISABEL,JARDIM JAPAO,1
SANTA ISABEL,JARDIM CRUZEIRO,1
SANTA ISABEL,ESTRADA SOL POENTE,1
SANTA ISABEL,ESTANCIA ZELIA,1
SANTA ISABEL,CHACARAS REUNIDAS CANADA,1
SANTA ISABEL,CHACARAS ELDORADO,1
POA,VILA LUCIA,1
POA,VILA GONCALVES,1
SANTANA DE PARNAIBA,CURURUQUARA,1
MOGI DAS CRUZES,VILA SANTANA,1
MOGI DAS CRUZES,VILA MORAES,1
MOGI DAS CRUZES,VILA MATHIAS,1
MOGI DAS CRUZES,VILA CINTIA,1
MOGI DAS CRUZES,SABAUNA,1
MOGI DAS CRUZES,RESIDENCIAL COLINAS,1
MOGI DAS CRUZES,PARQUE SAO MARTINHO,1
MOGI DAS CRUZES,PARQUE RESIDENCIAL ITAPETI,1
MOGI DAS CRUZES,PARQUE MORUMBI,1
MOGI DAS CRUZES,MOGILAR,1
MOGI DAS CRUZES,LAGOA SECA,1
MOGI DAS CRUZES,JARDIM RODEIO,1
MOGI DAS CRUZES,JARDIM PONTE GRANDE,1
MOGI DAS CRUZES,JARDIM NAUTICO,1
MOGI DAS CRUZES,JARDIM MARGARIDA,1
MOGI DAS CRUZES,JARDIM CAMBUCI,1
MOGI DAS CRUZES,JARDIM BELA VISTA,1
MOGI DAS CRUZES,JARDIM ARMENIA,1
MOGI DAS CRUZES,VILA SANTA HELENA,1
MOGI DAS CRUZES,VILA SUD MENUCI,1
POA,JARDIM VIOLETA,1
MOGI DAS CRUZES,VILLA DI CESAR,1
POA,JARDIM SANTO ANTONIO,1
POA,JARDIM PIVARI,1
POA,JARDIM OBELISCO,1
POA,JARDIM DOM MANUEL,1
POA,JARDIM DEBORA,1
POA,JARDIM AGUA VERMELHA,1
POA,JARDIM ABAME,1
PIRAPORA DO BOM JESUS,VILA NOVA,1
PIRAPORA DO BOM JESUS,GREEN HILLS RESIDENCIAL,1
OSASCO,VILA ALICE,1
OSASCO,RAPOSO TAVARES,1
OSASCO,JARDIM TRES MONTANHAS,1
OSASCO,JARDIM SAO PEDRO,1
OSASCO,JARDIM SAO JOAO DA BELA VISTA,1
OSASCO,JARDIM MARIETA,1
OSASCO,JARDIM HELENA MARIA,1
OSASCO,JARDIM ESTER,1
SANTANA DE PARNAIBA,CONDOMINIO VOTURUNA,1
SANTANA DE PARNAIBA,JAGUARI,1
SAO PAULO,FAVELA CELESTE 2,1
SAO PAULO,CJ PDE MANUEL DA NOBREGA,1
SAO PAULO,CJ HAB PADRE MANUEL DA NOBREGA,1
SAO PAULO,CJ HAB MANOEL DA NOBREGA,1
SAO PAULO,CIPO DO MEIO,1
SAO PAULO,CIDADE D ABRIL,1
SAO PAULO,CIDADE CONTINENTAL,1
SAO PAULO,CHACARA PARAISO,1
SAO PAULO,CHACARA DOURADO,1
SAO PAULO,CHACARA DAS CORUJAS,1
SAO PAULO,CHACARA CHAPECO,1
SAO PAULO,CARRAOZINHO,1
SAO PAULO,C0M JD BONITO VI,1
SAO PAULO,C MANACA,1
SAO PAULO,BRA,1
SAO PAULO,BOACAVA,1
SAO PAULO,BALNEARIO SAO JOSE VELHO,1
SAO PAULO,BALNEARIO SAO JOSE NOVO,1
SAO PAULO,BAIRRO,1
SAO PAULO,CJ PDE MANOEL DA NOBREGA,1
SAO PAULO,CJ PE MANOEL DE NOBREGA,1
SAO PAULO,APA BORORE COLONIA,1
SAO PAULO,CJTO RESIDENCIAL VISTA VERDE,1
SAO PAULO,EM FRENTE RUA TERTULIA,1
SAO PAULO,DOM JOSE,1
SAO PAULO,DANFER,1
SAO PAULO,CONJUNTO RESIDENCIAL SITIO ORATORIO,1
SAO PAULO,CONJUNTO PROMORAR RAPOSO TAVARES,1
SAO PAULO,CONJUNTO HABITACIONAL PADRE ESTANISLAU DE CAMPOS,1
SAO PAULO,CONJUNTO FIDALGO,1
SAO PAULO,CONJ HABITACIONAL PADRE MANUEL DA NOBREGA,1
SAO PAULO,CONJ HAB SANTA ETELVINA II,1
SAO PAULO,CONJ HAB PADRE MANOEL DE NOBRIGA,1
SAO PAULO,CONDOMINIO VILA VERDE,1
SAO PAULO,CONDOMINIO CHACARA JARAGUA,1
SAO PAULO,COMUNIDADE VILA ZAT,1
SAO PAULO,COMUNIDADE SAO JOSE,1
SAO PAULO,COMUNIDADE ITAPURA,1
SAO PAULO,COHAB CINTRA GORDINHO,1
SAO PAULO,COHAB,1
SAO PAULO,AV BENEDITO AALGADO DA SILVA,1
SAO PAULO,APA BORORE,1
SANTANA DE PARNAIBA,JARDIM FREDIANI,1
SAO BERNARDO DO CAMPO,JARDIM IRAJA,1
SAO BERNARDO DO CAMPO,JARDIM CONTINENTAL,1
SAO BERNARDO DO CAMPO,JARDIM ANCHIETA,1
SAO BERNARDO DO CAMPO,BILLINGS PARK,1
SAO BERNARDO DO CAMPO,BAETE NEVES,1
SAO BERNARDO DO CAMPO,AGUA LIMPA,1
SANTO ANDRE,VILA ELDIZIA,1
SANTO ANDRE,VILA BELA VISTA,1
SANTO ANDRE,PARANAPIACABA,1
SANTO ANDRE,MIAMI RIVIERA,1
SANTO ANDRE,JARDIM RIVIERA,1
SANTO ANDRE,JARDIM JAMAICA,1
SANTO ANDRE,JARDIM CAMBUI,1
SANTANA DE PARNAIBA,TAMBORE 2,1
SANTANA DE PARNAIBA,REFUGIO DOS BANDEIRANTES,1
SANTANA DE PARNAIBA,PARQUE FERNAO DIAS,1
SANTANA DE PARNAIBA,JARDIM RUBI,1
SANTANA DE PARNAIBA,JARDIM PARNAIBA,1
SAO BERNARDO DO CAMPO,JARDIM DOS QUIMICOS,1
SAO BERNARDO DO CAMPO,JARDIM LAURA II,1
SAO PAULO,ALDEIA INDIGENA TEKOA YTU,1
SAO BERNARDO DO CAMPO,JARDIM MARCO POLO,1
SAO PAULO,ALDEIA INDIGENA KALIPETY,1
SAO LOURENCO DA SERRA,DESPEZIO,1
SAO BERNARDO DO CAMPO,ZANZALA,1
SAO BERNARDO DO CAMPO,VILA SAO JOSE,1
SAO BERNARDO DO CAMPO,VILA SANTA TEREZINHA,1
SAO BERNARDO DO CAMPO,VILA SACILOTTO,1
SAO BERNARDO DO CAMPO,VILA LUIZ CASA,1
SAO BERNARDO DO CAMPO,VILA JAHU,1
SAO BERNARDO DO CAMPO,VILA GONCALVES,1
SAO BERNARDO DO CAMPO,VILA CRISTIANE,1
SAO BERNARDO DO CAMPO,RURAL,1
SAO BERNARDO DO CAMPO,RECANTO DOS PASSAROS,1
SAO BERNARDO DO CAMPO,PARQUE SAO JOSE,1
SAO BERNARDO DO CAMPO,PARQUE DOS QUIMICOS,1
SAO BERNARDO DO CAMPO,NUCLEO JESUS DE NAZARE,1
SAO BERNARDO DO CAMPO,JARDIM UENOYAMA,1
SAO BERNARDO DO CAMPO,JARDIM REGINA,1
VARGEM GRANDE PAULISTA,VILA SAO JUDAS TADEU,1
