NM_MUN,fcu,n_setores,pop,casos,taxa,cum_pct
São Paulo,Paraisópolis,74,58438,280.0,95.82805708614258,3.3714629741119806
São Paulo,Heliópolis,98,55503,147.0,52.970109723798714,5.141481035520771
Mauá,Chafik / Macuco,40,26835,88.0,65.58598844792249,6.201083684527394
Mauá,Jardim Oratório,40,25946,74.0,57.04154783010869,7.092113184828416
São Paulo,Recanto do Paraiso / Recanto Dos Humildes I / Cptm Recanto,34,16553,67.0,80.9520932761433,7.898856110776641
São Paulo,Safira,25,15485,65.0,83.95221181788828,8.68151715833835
São Paulo,Jardim Felicidade / Jova Rura,24,16739,65.0,77.66294282812594,9.46417820590006
São Bernardo do Campo,Vila São Pedro,46,28466,61.0,42.85814656080939,10.198675496688741
São Paulo,Jardim Iporanga / Esmeralda,11,6930,60.0,173.16017316017317,10.921131848284165
São Paulo,Jardim Nova Harmonia,37,20513,55.0,53.62453078535563,11.583383503913305
São Paulo,Cantinho do Céu / Parque Eucalipto,41,17868,52.0,58.20461159614954,12.209512341962673
São Paulo,Campo dos Ferreiras I,12,7162,45.0,125.66322256352974,12.751354605659241
São Paulo,Jardim Jaqueline,11,9319,43.0,92.2845798905462,13.269114990969296
São Paulo,Vila Jacuí AB,28,18217,43.0,47.208651259812264,13.786875376279351
São Paulo,Santa Terezinha,29,12224,38.0,62.17277486910994,14.24443106562312
São Paulo,Castro Alves,15,4527,38.0,167.8815992931301,14.701986754966887
São Paulo,Sinhá,13,6182,36.0,116.46716273050794,15.135460565924141
São Paulo,Parque Santa Madalena I,14,5497,36.0,130.9805348371839,15.568934376881396
São Paulo,Jardim Vitória / Jardim Três Poderes,15,7752,36.0,92.87925696594426,16.00240818783865
São Paulo,Vila São Joaquim / São Luiz / Santa Terezinha,12,6624,35.0,105.67632850241544,16.423841059602648
São Paulo,Canto da Noite / Mar Desconhecido,12,5111,34.0,133.04637057327335,16.83323299217339
São Paulo,Guaicuri II / Pedra Sobre Pedra,18,7276,34.0,93.45794392523365,17.242624924744128
Guarulhos,Vital Brasil,12,8913,34.0,76.2930550880736,17.65201685731487
São Paulo,Jardim Jangadeiro,7,3420,34.0,198.83040935672514,18.06140878988561
São Paulo,Nossa Senhora Aparecida,14,7430,34.0,91.52086137281292,18.470800722456353
São Paulo,Eucalíptos,4,2851,32.0,224.48263767099263,18.856110776640577
São Bernardo do Campo,Vila Boa Vista/Santana,8,5771,32.0,110.89932420724311,19.241420830824804
São Paulo,Hugo Ítalo Merigo,4,1480,31.0,418.9189189189189,19.614689945815776
São Paulo,Nova Jaguaré,15,8444,30.0,71.05637138796779,19.975918121613486
São Paulo,Cidade Ipava,14,8625,30.0,69.56521739130436,20.3371462974112
São Paulo,Paranapanema III,8,3970,30.0,151.13350125944584,20.69837447320891
São Paulo,Guaicuri I,12,4224,29.0,137.31060606060606,21.047561709813365
São Paulo,Keralux,18,8403,29.0,69.02296798762347,21.39674894641782
São Paulo,Caixa D'água,10,6454,29.0,89.86674930275798,21.745936183022277
São Paulo,Lourdes / Núcleo Itaim,8,4775,29.0,121.46596858638742,22.09512341962673
Santo André,Complexo CDHU,25,12356,29.0,46.94075752670767,22.44431065623119
São Paulo,Jardim Aracati / Chácara Florida,4,3348,28.0,167.26403823178018,22.781456953642383
São Paulo,Parque das Flores / Jardim Continental / COHAB,24,12309,27.0,43.870338776504994,23.106562311860326
São Paulo,Jardim Filhos da Terra,9,4397,27.0,122.81100750511712,23.431667670078266
Santo André,Tamarutaca,7,5373,27.0,100.50251256281408,23.75677302829621
São Paulo,Vila Dalva,5,2176,27.0,248.16176470588235,24.08187838651415
São Paulo,São José Barroca,4,1961,27.0,275.3697093319735,24.406983744732088
Santo André,Pintassilgo,8,4606,27.0,117.23838471558835,24.73208910295003
São Paulo,Conjunto Promorar Sapopemba,7,5535,27.0,97.5609756097561,25.05719446116797
São Paulo,Jardim Elba,5,2526,26.0,205.85906571654792,25.370258880192655
São Paulo,Nova Tiete,7,3492,26.0,148.91179839633446,25.683323299217335
São Paulo,Boqueirão,7,4230,26.0,122.93144208037825,25.996387718242026
São Paulo,Jardim Eliane,10,4582,25.0,109.12265386294196,26.29741119807345
São Paulo,Jardim Fim de Semana,15,6771,25.0,73.8443361394181,26.598434677904876
Osasco,Padroeira - Y,8,3359,24.0,142.8996725215838,26.887417218543046
Guarulhos,Vila União/Parque Primavera I,14,7111,24.0,67.50105470397975,27.176399759181212
São Paulo,Letícia Cini,4,2431,24.0,197.44960921431507,27.465382299819385
São Paulo,Cantinho do Céu I,9,5403,23.0,85.13788635942994,27.7423239012643
São Paulo,Jardim Colombo,15,11911,23.0,38.61976324406011,28.01926550270921
São Paulo,Complexo Célia Irene Etelvina / Baltazar Barroso,7,3524,23.0,130.53348467650397,28.296207104154124
Guarulhos,Anita Garibaldi/Portelinha,9,8588,23.0,53.5631113181183,28.57314870559904
São Paulo,Avenida dos Funcionários Públicos,1,136,23.0,3382.3529411764703,28.850090307043953
São Paulo,Santa Casa - Área remanescente,5,4109,21.0,102.21465076660989,29.10295003010235
São Paulo,Avenida Belmira Marin,11,4987,21.0,84.2189693202326,29.355809753160745
São Paulo,São Saverio,4,2029,21.0,206.9985214391326,29.608669476219145
São Paulo,Miguel Inácio Curi I / Favela da Paz,4,1543,21.0,272.1970187945561,29.86152919927754
São Bernardo do Campo,Montanhão,9,4841,21.0,86.75893410452386,30.114388922335944
São Paulo,Eldorado,10,6060,21.0,69.3069306930693,30.36724864539434
São Paulo,Cocaia I,7,2537,20.0,157.66653527788725,30.608067429259485
Guarulhos,Vila São Rafael / Jardim Vila Galvão II,2,1959,20.0,204.1858090862685,30.848886213124622
Diadema,Dom João VI,2,1471,20.0,271.9238613188307,31.089704996989763
São Paulo,Colonial,6,3955,19.0,96.08091024020227,31.31848284166165
São Paulo,Joaquim Meira Siqueira,7,4709,19.0,80.69653854321513,31.547260686333534
São Paulo,Mendes Gaia,6,3960,19.0,95.95959595959596,31.77603853100542
São Paulo,Jardim Comercial I,9,4843,19.0,78.4637621309106,32.0048163756773
Diadema,Vila Olinda,2,1858,19.0,204.5209903121636,32.23359422034919
São Paulo,Maria Luiza Americano,5,2673,19.0,142.1623643845866,32.46237206502107
Taboão da Serra,Ponte Alta - Osvaldinho,13,6972,18.0,51.635111876075726,32.6791089704997
São Paulo,Vila Nova Cidade II - Invasão,13,5895,18.0,61.06870229007634,32.895845875978324
São Paulo,Jardim Nova Robru / Favela Pedro Rodrigues,6,2725,18.0,132.11009174311926,33.11258278145696
São Paulo,Japaranduba / Arapiraca,7,3962,18.0,90.86320040383646,33.329319686935584
São Paulo,Paranapanema IV,13,4811,18.0,74.82851797963002,33.54605659241421
São Paulo,Parque Planalto I,8,2008,18.0,179.28286852589642,33.76279349789284
São Paulo,Jardim Martini,5,2162,18.0,166.51248843663274,33.97953040337146
São Paulo,Jardim São Remo,11,7979,18.0,45.11843589422233,34.19626730885009
Carapicuíba,Vila Municipal,6,3424,18.0,105.14018691588785,34.413004214328716
São Paulo,Vaz de Lima/Santo Dias/ Jadim Lidia,8,4277,17.0,79.49497311199438,34.61770018061409
Carapicuíba,Comunidade Rifaina,4,3275,17.0,103.81679389312977,34.82239614689946
Mogi das Cruzes,Jardim Aeroporto III/Jardim Planalto,8,3572,17.0,95.18477043673013,35.02709211318483
São Paulo,Jardim Mitsutani,6,2783,17.0,122.17031979877831,35.2317880794702
São Paulo,Sítio Carioba / Sítio Cascavel,9,5433,17.0,62.58052641266335,35.43648404575557
São Paulo,Cabuçu I,3,1362,17.0,249.632892804699,35.64118001204094
São Paulo,Tijuco Preto II,6,3430,16.0,93.29446064139943,35.83383503913306
Guarulhos,Novo Recreio,13,7851,16.0,40.7591389631894,36.026490066225165
São Paulo,Veronia II,6,2415,16.0,132.50517598343686,36.21914509331728
São Paulo,Henrique Mindlin,3,1130,16.0,283.1858407079646,36.411800120409396
Guarulhos,Jardim Marilena,9,5936,16.0,53.90835579514825,36.60445514750151
São Paulo,Nelson Cruz,2,1522,15.0,197.10906701708277,36.785069235400364
São Paulo,Jardim Selma II,8,4238,15.0,70.78810759792356,36.96568332329922
São Paulo,Jardim Vera Cruz,4,2240,15.0,133.92857142857142,37.14629741119808
Guarulhos,Núcleo Santos Dumont,10,7308,15.0,41.050903119868636,37.32691149909693
São Paulo,Sítio Eldorado IV,13,6778,15.0,44.26084390675716,37.50752558699579
Guarulhos,Parque Jandaia,5,4035,15.0,74.34944237918215,37.68813967489464
São Paulo,Nova Floresta,7,3348,15.0,89.60573476702508,37.8687537627935
São Paulo,Jardim Nazareth,6,2569,15.0,116.77695601401324,38.049367850692356
Carapicuíba,Campo do Bahia,7,3118,15.0,96.21552277100706,38.22998193859121
São Paulo,Vila do Sapo II,6,1465,15.0,204.77815699658703,38.41059602649007
São Paulo,Chácara Santa Maria,9,5475,15.0,54.794520547945204,38.59121011438892
São Paulo,Jardim São Carlos / Gleba 2,3,1335,15.0,224.71910112359552,38.77182420228778
Franco da Rocha,Pretória,12,5449,15.0,55.05597357313268,38.952438290186635
São Paulo,Nova Grajaú I e II,13,4147,14.0,67.51868820834338,39.12101143889223
São Paulo,Piratininga,8,5201,14.0,53.835800807537005,39.28958458759783
São Paulo,Jardim Eucaliptos,4,1897,14.0,147.60147601476015,39.458157736303434
São Paulo,Jardim Icaraí II e III,8,2587,14.0,108.23347506764593,39.62673088500903
Mauá,Estrada do Carneiro,8,3386,14.0,82.69344359125812,39.79530403371463
São Paulo,Jardim Paraná / Bananal Esquerdo,9,3978,14.0,70.38712921065863,39.96387718242023
São Bernardo do Campo,Rua Amazonas/Saracantan,5,3357,14.0,83.40780458742925,40.13245033112583
São Paulo,Vila Nova Esperança (Jardim Paulistano),3,1947,14.0,143.81099126861838,40.30102347983143
Diadema,Gazuza / Pau do Café / Fundibem,11,5601,14.0,49.99107302267452,40.469596628537026
São Paulo,Jardim São Raimundo / Dom Angélico,4,2243,14.0,124.83281319661168,40.63816977724263
São Paulo,Jardim Peri Novo,2,1321,14.0,211.96063588190765,40.80674292594823
São Paulo,Agenor Alves Meira / Carlos Shumacker,2,1079,14.0,259.49953660797036,40.975316074653826
São Paulo,Elísio Teixeira Leite,7,2329,14.0,120.223271790468,41.14388922335942
São Paulo,Violão I,1,128,14.0,2187.5,41.31246237206502
São Paulo,Tiquatira,9,3125,14.0,89.6,41.48103552077062
São Bernardo do Campo,Jardim Calux,14,8242,14.0,33.97233681145353,41.649608669476216
São Paulo,Palácio Monroe,5,2158,14.0,129.74976830398518,41.81818181818181
Guarulhos,Sítio São Francisco,17,7851,13.0,33.11680040759139,41.97471402769416
São Paulo,Jardim Planalto I II e III,11,4663,13.0,55.75809564657946,42.131246237206504
São Paulo,Fazenda da Juta / Fazenda da Juta IV,5,3387,13.0,76.76409802184824,42.287778446718846
São Paulo,Parque Parada de Taipas / Sítio Pedro Velho,14,4994,13.0,52.06247496996395,42.44431065623119
São Paulo,Jardim Primeiro de Maio,6,3142,13.0,82.74984086569064,42.60084286574353
São Paulo,Vila Xavantes,3,991,13.0,262.36125126135215,42.75737507525587
São Paulo,Souza Dantas,5,1749,13.0,148.65637507146943,42.91390728476821
São Paulo,Vila São João,2,867,13.0,299.88465974625143,43.070439494280556
Suzano,Jardim Revista,5,2327,13.0,111.73184357541899,43.22697170379289
São Bernardo do Campo,Represa Alvarenga - Poney Club,6,2863,13.0,90.8138316451275,43.38350391330524
São Paulo,Parque Brasilandia,8,4262,13.0,61.00422336931018,43.54003612281758
São Paulo,Jardim São Vicente II,1,396,13.0,656.5656565656566,43.696568332329925
São Paulo,Recanto das Estrelas,4,2056,13.0,126.4591439688716,43.85310054184227
São Paulo,Santo Elias,3,2995,13.0,86.81135225375625,44.0096327513546
São Bernardo do Campo,Vila Esperança,8,5501,13.0,47.26413379385566,44.16616496086695
São Paulo,Jardim Campo de Fora / Santo Antônio,7,2996,13.0,86.78237650200268,44.322697170379286
São Paulo,Cidade Nova,4,2940,13.0,88.43537414965986,44.479229379891635
São Paulo,Carombé de Baixo,2,1126,13.0,230.90586145648314,44.63576158940397
São Paulo,Jardim Paulistano,8,4110,13.0,63.2603406326034,44.79229379891632
São Paulo,Nova Nardini,9,4083,12.0,58.78030859662013,44.936785069235405
São Paulo,Vila Flávia,7,2693,12.0,89.11994058670628,45.081276339554485
São Paulo,Mirangoaba I,1,1335,12.0,179.77528089887642,45.22576760987357
São Paulo,Vila Roseira,6,4327,12.0,55.46568061012249,45.37025888019265
Diadema,Santo Ivo,3,1450,12.0,165.51724137931035,45.51475015051174
Guarulhos,Vila Flórida,2,1051,12.0,228.3539486203616,45.659241420830824
São Paulo,Jardim Maggi,1,741,12.0,323.88663967611336,45.80373269114991
São Paulo,Romulo Nald,6,3933,12.0,61.02212051868803,45.94822396146899
São Paulo,Jardim Campos I,4,1505,12.0,159.468438538206,46.09271523178808
São Paulo,Vergueirinho / Nova Divinéia,3,2435,12.0,98.56262833675565,46.23720650210716
São Paulo,Jardim Itapurá I,6,2743,12.0,87.49544294567991,46.38169777242625
São Paulo,Sucupira,2,1629,12.0,147.32965009208104,46.52618904274534
São Paulo,Sítio Arizona / Jd. Vila do Sol,6,3401,12.0,70.56748015289621,46.670680313064416
São Paulo,Parque Santa Madalena II,5,2256,12.0,106.38297872340426,46.8151715833835
São Paulo,Jardim Copacabana,5,2976,12.0,80.64516129032258,46.95966285370259
Taboão da Serra,Jardim Freitas Júnior - Jardim Trianon HBB,4,1967,12.0,122.01321809862736,47.104154124021676
São Paulo,Jardim Bandeirante,8,2926,12.0,82.02323991797677,47.24864539434076
São Paulo,Cemitério do Horto,2,875,12.0,274.2857142857143,47.39313666465985
São Paulo,Sítio Paiolzinho / J. Vista Alegre,13,3520,12.0,68.18181818181819,47.53762793497893
São Paulo,Bananal Direito,1,359,12.0,668.5236768802229,47.682119205298015
São Paulo,Jardim Walquíria I,8,4221,12.0,56.85856432125089,47.8266104756171
Guarulhos,Sítio dos Morros,6,3608,12.0,66.51884700665188,47.97110174593618
São Paulo,Brás de Abreu,5,2857,12.0,84.0042002100105,48.11559301625527
São Paulo,Bueru,3,1165,12.0,206.00858369098714,48.26008428657435
São Paulo,"Jardim Noronha I, II e III",9,3057,12.0,78.50834151128558,48.404575556893434
Carapicuíba,Comunidade CSU,3,2187,12.0,109.73936899862827,48.54906682721252
Guarulhos,Mato das Cobras,9,6346,12.0,37.81909864481563,48.69355809753161
São Bernardo do Campo,DER-I,11,5633,12.0,42.60607136516954,48.838049367850694
São Paulo,Promorar / Oreste Damolin,4,1903,12.0,126.11665790856541,48.98254063816977
São Paulo,Vale da Esperança,8,3653,12.0,65.69942513003011,49.12703190848886
São Paulo,Favela do Pó,4,1745,12.0,137.53581661891116,49.271523178807946
Mauá,Chácara Maria Aparecida,15,9745,12.0,24.628014366341713,49.41601444912703
São Paulo,Jardim São Vicente,4,1770,12.0,135.59322033898306,49.56050571944612
São Paulo,Abel Marciano / Maria Quedas,1,485,11.0,453.6082474226804,49.692956050571944
Guarulhos,Jardim Vila Galvão I,6,3751,11.0,58.651026392961874,49.825406381697775
Taboão da Serra,Meyer Saporito,9,2975,11.0,73.94957983193277,49.9578567128236
São Paulo,Parque Dorotéia I e II,13,4598,11.0,47.84688995215311,50.09030704394944
São Paulo,Jardim Jaragua,3,1654,11.0,133.01088270858526,50.222757375075254
Taboão da Serra,Jardim Margaridas,5,2429,11.0,90.57225195553725,50.355207706201085
São Paulo,Jardim São Bento Velho,4,1794,11.0,122.63099219620959,50.48765803732691
São Paulo,Paraguai/Jardim Marilda,17,4348,11.0,50.59797608095676,50.62010836845274
São Paulo,Jardim Corisco / Rua dos Amigos,5,2586,11.0,85.07347254447022,50.752558699578564
São Paulo,Tufi Mattar,2,819,11.0,268.62026862026863,50.885009030704396
São Paulo,Jardim Damasceno,2,1252,11.0,175.71884984025561,51.01745936183022
São Paulo,Iguatemi,9,3945,11.0,55.76679340937896,51.14990969295605
São Paulo,Liberalina,6,2827,11.0,77.82101167315176,51.282360024081875
São Paulo,Fatec,3,2110,11.0,104.2654028436019,51.414810355207706
São Paulo,Manuel de Teffe,4,1430,11.0,153.84615384615384,51.54726068633353
São Paulo,Avenida Ragheb Chohfi,5,2990,11.0,73.57859531772574,51.67971101745936
São Paulo,Apóstolos,4,1826,11.0,120.48192771084338,51.81216134858519
São Paulo,Jardim Rincão II,3,1091,11.0,201.64986251145737,51.94461167971102
São Paulo,Taquaritiba,4,1619,11.0,135.8863495985176,52.07706201083685
Santo André,Avenida da Paz / Ciganos,2,2724,11.0,80.76358296622614,52.20951234196267
Suzano,Cidade Miguel Badra Jaguari Gleba 1,3,1620,10.0,123.45679012345678,52.32992173389525
São Paulo,Jardim Campanário,3,1374,10.0,145.5604075691412,52.45033112582781
Franco da Rocha,Jaboticabal,1,384,10.0,520.8333333333333,52.570740517760385
São Paulo,Nossa Senhora Aparecida / Jardim Aurora,3,1798,10.0,111.23470522803115,52.69114990969296
São Paulo,Jardim Celeste II,5,2856,10.0,70.0280112044818,52.81155930162552
São Paulo,Jardim das Rosas III / Jardim Macedônia,2,994,10.0,201.2072434607646,52.9319686935581
São Paulo,Sevilha,3,1832,10.0,109.17030567685589,53.05237808549067
São Bernardo do Campo,Parque São Bernardo,11,5095,10.0,39.25417075564279,53.17278747742324
São Paulo,Jacupeval,8,2032,10.0,98.4251968503937,53.29319686935581
São Paulo,Chácara Sonho Azul - A,8,3936,10.0,50.81300813008131,53.41360626128838
São Paulo,Sapé,6,3627,10.0,55.141990625861595,53.534015653220955
São Paulo,Vila Aimore,2,690,10.0,289.8550724637681,53.654425045153516
São Paulo,Morro Doce III,1,188,10.0,1063.8297872340424,53.77483443708609
São Paulo,Morada do Sol,3,1528,10.0,130.89005235602096,53.89524382901867
São Paulo,Gregório Pomar,1,380,10.0,526.3157894736842,54.01565322095123
Carapicuíba,Comunidade do Cemitério,3,1288,10.0,155.27950310559004,54.136062612883805
São Paulo,Boulevard da Paz,14,6131,10.0,32.6211058554885,54.25647200481638
Carapicuíba,Rua Berlim / Parque Sampaio,3,1291,10.0,154.91866769945779,54.37688139674894
São Paulo,Piemonteses/ Cidade Nova,2,1468,10.0,136.23978201634876,54.49729078868152
São Paulo,Roland Berigan,5,1548,10.0,129.19896640826875,54.617700180614094
São Paulo,Jardim Luso,7,3924,10.0,50.96839959225281,54.738109572546655
São Paulo,Esperantinópolis,4,1996,10.0,100.2004008016032,54.85851896447923
Itapevi,Jardim Santa Rita (Rua Egito),2,1319,10.0,151.6300227445034,54.97892835641181
São Paulo,Leandro Donati,2,1598,10.0,125.15644555694618,55.09933774834437
Mauá,Jardim Éden,7,3630,10.0,55.09641873278236,55.219747140276944
São Paulo,Jardim Ibirapuera,11,4324,9.0,41.628122109158184,55.32811559301626
São Paulo,Favela do Tamanduatei,1,997,9.0,180.54162487462386,55.43648404575558
Guarulhos,Núcleo Parque Mikail (Campo da Paz),4,2782,9.0,64.70165348670022,55.544852498494876
São Paulo,"Nossa Senhora da Assunção I, II, III",3,2299,9.0,78.294910830796,55.653220951234196
Mauá,Núcleo Jardim Eden,5,3540,9.0,50.847457627118644,55.76158940397351
São Paulo,Vila das Pratas / Vila das Pratas II,3,1294,9.0,139.1035548686244,55.86995785671283
Diadema,Cangati / Jóquei / Camarupim / Carapeba,3,1171,9.0,153.71477369769428,55.97832630945214
São Paulo,Pullman II,6,3083,9.0,58.384690236782355,56.08669476219145
Guarulhos,Jardim dos Cardosos,4,3008,9.0,59.840425531914896,56.19506321493076
Carapicuíba,Vila São Jorge,3,1695,9.0,106.19469026548673,56.303431667670075
Carapicuíba,Vila Municipal II,2,1556,9.0,115.68123393316196,56.411800120409396
São Paulo,Jardim Maria Luiza,3,1878,9.0,95.84664536741214,56.52016857314871
São Paulo,Guapira I / Planalto da Torres,8,5240,9.0,34.35114503816794,56.628537025888015
São Paulo,Paquetá II,2,1350,9.0,133.33333333333334,56.73690547862733
São Paulo,Abacateiro,5,2850,9.0,63.1578947368421,56.84527393136665
São Paulo,Jardim da Paz,9,3994,9.0,45.06760140210315,56.95364238410596
Guarulhos,Jardim Presidente Dutra III,4,1668,9.0,107.91366906474819,57.062010836845275
Carapicuíba,Comunidade Savoy,8,3427,9.0,52.52407353370295,57.17037928958458
Guarulhos,Jardim Nova Cidade/Normandia,5,2205,9.0,81.63265306122449,57.2787477423239
São Paulo,Morro da Lua / Clara Aurora,5,2522,9.0,71.37192704203014,57.387116195063214
São Paulo,Parque Santo Antônio VI,4,1939,9.0,92.83135636926251,57.49548464780253
Taboão da Serra,Jardim Comunitário,3,2359,9.0,76.30351844001696,57.60385310054185
Guarulhos,Cidade Tupinambá,8,3550,9.0,50.70422535211268,57.712221553281154
São Paulo,Boi Malhado I,2,2212,9.0,81.374321880651,57.82059000602047
São Paulo,Córrego do Bispo,3,1528,9.0,117.80104712041884,57.92895845875978
Itaquaquecetuba,Quinta da Boa Vista,13,6737,9.0,26.71812379397358,58.0373269114991
Osasco,Vicentina - AA,5,1935,9.0,93.0232558139535,58.145695364238414
Diadema,Vila Popular,5,4076,9.0,44.16094210009813,58.25406381697772
São Paulo,Vila Hortência / Gleba,7,3687,9.0,48.82017900732303,58.36243226971703
São Paulo,Iguaçu,5,2055,9.0,87.5912408759124,58.47080072245635
São Paulo,Jardim São Luis II,1,377,9.0,477.45358090185675,58.579169175195666
Suzano,Cidade Miguel Badra Jaguari Gleba 2,4,1560,9.0,115.3846153846154,58.68753762793498
São Paulo,Juraci Artacho,4,2833,8.0,56.477232615601835,58.78386514148104
São Paulo,Jardim Peri / Peri Novo I,3,1934,8.0,82.7300930713547,58.880192655027095
São Paulo,Tijolinhos da Mooca,1,661,8.0,242.0574886535552,58.976520168573145
São Paulo,Jardim Jaçanã,3,1065,8.0,150.23474178403757,59.0728476821192
São Paulo,Lagoa da Serra,3,1270,8.0,125.98425196850393,59.16917519566526
São Paulo,Coréia,2,765,8.0,209.15032679738565,59.26550270921132
São Paulo,Paquetá I,5,3104,8.0,51.54639175257732,59.36183022275737
São Paulo,Seringais,2,1437,8.0,111.34307585247043,59.45815773630343
São Paulo,Vila Dania Mungo Park,3,1510,8.0,105.96026490066225,59.554485249849485
São Paulo,Rio Claro,4,1957,8.0,81.75779253960143,59.65081276339554
Taboão da Serra,Jardim Maria Luiza,3,1733,8.0,92.32544720138488,59.7471402769416
São Paulo,Jardim Santa Josefina,6,1979,8.0,80.84891359272359,59.84346779048766
São Paulo,Vilma Flor,3,1028,8.0,155.64202334630352,59.939795304033716
São Paulo,Estrada da Ligação,2,1321,8.0,121.12036336109009,60.03612281757977
São Paulo,Mata da Juta,4,2115,8.0,75.6501182033097,60.13245033112583
São Paulo,Chácara São Fidelis / Tomé,6,2711,8.0,59.01881224640354,60.22877784467189
São Paulo,Núcleo B - São Francisco Global,6,2928,8.0,54.6448087431694,60.32510535821795
São Paulo,Parque Amélia / Santa Margarida,4,1511,8.0,105.89013898080742,60.421432871764004
São Paulo,Jardim Orly II,3,1683,8.0,95.06833036244801,60.51776038531005
São Paulo,Jardim Evana,3,1256,8.0,127.38853503184713,60.614087898856106
Carapicuíba,Chácara La Roca,1,1117,8.0,143.2408236347359,60.71041541240216
São Paulo,Maria Zilo Augusto / Manuel da Paixão,6,3164,8.0,50.56890012642225,60.80674292594822
Ferraz de Vasconcelos,Vila Jamil,7,2916,8.0,54.86968449931413,60.90307043949428
São Paulo,Nicarágua,4,1581,8.0,101.20177103099304,60.99939795304034
Ferraz de Vasconcelos,Vila Cristina,4,2533,8.0,63.16620607974733,61.095725466586394
São Bernardo do Campo,Jardim Laura,7,3766,8.0,42.485395645246946,61.19205298013245
Suzano,Jardim Gardênia Azul,10,5363,8.0,29.834048107402573,61.28838049367851
São Paulo,Goiti,1,797,8.0,200.75282308657464,61.38470800722457
São Paulo,Marconi Curuça,3,2106,8.0,75.97340930674264,61.48103552077062
São Paulo,Maria Cursi,2,1113,8.0,143.75561545372867,61.577363034316676
Guarulhos,Núcleo Jardim Crepúsculo,3,1618,8.0,98.8875154511743,61.67369054786273
São Paulo,Jardim Celeste,5,1986,8.0,80.56394763343404,61.77001806140879
Franco da Rocha,Ouro Preto,1,723,8.0,221.30013831258643,61.86634557495485
São Paulo,Jardim Campos II,2,499,8.0,320.64128256513027,61.96267308850091
São Paulo,Recanto da Alegria I e II,5,965,8.0,165.80310880829015,62.05900060204696
São Paulo,Morumbi Sul,2,1200,8.0,133.33333333333334,62.15532811559301
São Paulo,Funerária,2,978,8.0,163.59918200408998,62.251655629139066
São Paulo,Vila Nascente,6,2848,8.0,56.17977528089888,62.34798314268512
São Paulo,Recanto Eric,2,1171,8.0,136.63535439795046,62.44431065623118
São Paulo,Cidade A. E. Carvalho,2,2354,8.0,67.96941376380629,62.54063816977724
São Paulo,Ocupação Promorar / São Francisco Global,8,4741,8.0,33.74815439780637,62.6369656833233
São Paulo,Quaresma Delgado,2,634,8.0,252.3659305993691,62.733293196869354
São Paulo,Jardim Campo Limpo,9,4280,8.0,37.38317757009346,62.82962071041541
São Paulo,Cachoeira das Garças,2,1118,8.0,143.11270125223612,62.92594822396147
São Paulo,Futuro Melhor,6,2292,8.0,69.80802792321117,63.02227573750753
Diadema,Caviúna,10,4822,8.0,33.181252592285354,63.118603251053585
São Paulo,Conjunto Habitacional Guaianases C,4,2166,8.0,73.86888273314865,63.21493076459964
São Paulo,Jardim São Jorge,3,2072,8.0,77.22007722007721,63.3112582781457
São Paulo,Jardim Imbé II,2,1464,8.0,109.2896174863388,63.40758579169176
São Paulo,Albacora,2,662,8.0,241.6918429003021,63.503913305237816
São Paulo,Jardim Por do Sol I / Joana D'Arc,3,2773,8.0,57.699242697439594,63.60024081878386
Guarulhos,Cidade Jardim Cumbica II,7,4597,8.0,34.80530780944094,63.69656833232992
São Paulo,Vila Santo Antônio,4,3055,8.0,52.37315875613748,63.792895845875975
São Paulo,Jardim Varginha II,12,2969,7.0,47.15392388009431,63.87718242022877
Taboão da Serra,Jardim Saint Moritz II,6,2524,7.0,55.467511885895405,63.96146899458158
Osasco,Morro do Sabão - A,5,2838,7.0,49.33051444679352,64.04575556893438
São Paulo,Rua Antônio Rodrigues da Silva Júnior,1,203,7.0,689.6551724137931,64.13004214328718
São Paulo,Santo Antônio do Canindé,1,528,7.0,265.1515151515152,64.21432871763997
São Paulo,Paranapanema V,4,1392,7.0,100.57471264367815,64.29861529199277
São Paulo,Jardim Pouso Alegre,3,1346,7.0,104.01188707280832,64.38290186634558
São Paulo,Vila Joaniza,4,1382,7.0,101.30246020260492,64.46718844069838
São Paulo,Paratinim,4,3246,7.0,43.13000616142945,64.55147501505117
São Paulo,Vila Natal,2,1039,7.0,134.7449470644851,64.63576158940397
São Paulo,Jardim Santo André / Parque das Flores,5,3035,7.0,46.12850082372323,64.72004816375677
São Bernardo do Campo,Jardim Silvina Aldi,11,5004,7.0,27.97761790567546,64.80433473810957
São Paulo,Jardim Rincão I,4,1478,7.0,94.72259810554803,64.88862131246236
Osasco,Pinheirinho,2,822,7.0,170.31630170316302,64.97290788681516
São Paulo,Jardim Rebouças,4,1576,7.0,88.83248730964468,65.05719446116797
São Paulo,Córrego da Mina,6,3240,7.0,43.20987654320988,65.14148103552077
São Paulo,Jardim Dionízio,4,1924,7.0,72.76507276507277,65.22576760987357
São Paulo,Parque Residencial Cocaia A,3,1214,7.0,115.32125205930808,65.31005418422637
São Paulo,Sítio Itaberaba II / J. Silvestre,4,2521,7.0,55.53351844506148,65.39434075857918
São Paulo,Gruta das Princesas,6,1391,7.0,100.647016534867,65.47862733293198
Osasco,Rochdale - BJ,4,2843,7.0,49.243756595145975,65.56291390728477
São Paulo,Jardim Catanduva,4,2450,7.0,57.142857142857146,65.64720048163757
São Paulo,Jardim Boa Vista / Felicidade,5,2892,7.0,48.40940525587828,65.73148705599037
São Paulo,Núcleo E - São Francisco Global,5,2719,7.0,51.48951820522251,65.81577363034316
São Paulo,Milharal,5,2110,7.0,66.35071090047393,65.90006020469596
São Paulo,Campinas I e II,4,2340,7.0,59.82905982905983,65.98434677904876
São Paulo,Rocinha Paulistana / Beira Rio,3,906,7.0,154.5253863134658,66.06863335340157
São Paulo,Guapira II,3,3116,7.0,44.929396662387674,66.15291992775437
Carapicuíba,Tonato,2,1234,7.0,113.452188006483,66.23720650210716
São Paulo,Missionária V,1,766,7.0,182.76762402088772,66.32149307645996
São Paulo,Jardim Nardini I e II,5,1849,7.0,75.71660356949702,66.40577965081278
São Paulo,Buraco do Sapo,6,2820,7.0,49.64539007092199,66.49006622516556
São Paulo,Mario Cardim,2,1072,7.0,130.59701492537314,66.57435279951837
São Paulo,Inácio Monteiro,2,1406,7.0,99.5732574679943,66.65863937387117
Ferraz de Vasconcelos,Deputado Cunha Bueno/Jardim Dayse,1,330,7.0,424.2424242424243,66.74292594822397
São Paulo,Jardim Icaraí (Brasilândia),3,1695,7.0,82.59587020648968,66.82721252257676
São Paulo,Vila Santana do Agreste,1,880,7.0,159.0909090909091,66.91149909692956
São Paulo,Jardim Gouveia,3,1684,7.0,83.1353919239905,66.99578567128236
São Paulo,Buraco do Sapo I e II,1,731,7.0,191.51846785225717,67.08007224563517
São Paulo,Vila Paulistano I,3,1660,7.0,84.33734939759036,67.16435881998795
São Paulo,Condessa Amália Matarazzo,2,612,7.0,228.75816993464053,67.24864539434076
Cotia,Jardim Cotia,1,886,7.0,158.0135440180587,67.33293196869356
São Paulo,Padre Achiles Silvestre,3,2120,7.0,66.0377358490566,67.41721854304636
Ferraz de Vasconcelos,Cidade de Deus,6,2078,7.0,67.37247353224255,67.50150511739915
São Paulo,Jardim Nossa Senhora Aparecida II,6,2137,7.0,65.51240056153486,67.58579169175196
Santo André,Jardim Sorocaba,5,2466,7.0,56.77210056772101,67.67007826610477
São Paulo,Morro Doce II,1,449,7.0,311.804008908686,67.75436484045755
São Paulo,Cinco de Julho,1,416,7.0,336.53846153846155,67.83865141481036
São Paulo,João Batista Malio,3,1153,7.0,121.42237640936688,67.92293798916316
São Paulo,Jardim Irene I,4,1643,7.0,85.2099817407182,68.00722456351596
São Paulo,Recanto Verde do Sol,1,1195,7.0,117.15481171548117,68.09151113786875
São Paulo,Cidade Julia,3,1574,7.0,88.9453621346887,68.17579771222155
São Paulo,Jardim Soares,1,648,7.0,216.04938271604937,68.26008428657435
São Paulo,Arpoador,2,1161,7.0,120.58570198105082,68.34437086092716
Mauá,Pedreirinha II,2,911,7.0,153.67727771679472,68.42865743527994
Santo André,Sítio dos Vianas,11,6837,7.0,20.47681731753693,68.51294400963275
São Paulo,Ingaí,4,1758,7.0,79.63594994311718,68.59723058398555
Suzano,Jardim Maitê,1,708,7.0,197.74011299435028,68.68151715833835
São Paulo,Jardim São Bento Novo,5,2436,7.0,57.47126436781609,68.76580373269115
São Paulo,Cidade A.E. Carvalho 5,3,1993,6.0,60.21073758153537,68.8380493678507
São Bernardo do Campo,Batistini,7,3892,6.0,30.832476875642342,68.91029500301023
Osasco,Veloso - AE,4,2713,6.0,44.23147806855879,68.98254063816978
São Paulo,Fazenda Oratório / da Juta,6,2560,6.0,46.875,69.05478627332931
Osasco,Portal D'oeste I - CN,4,2062,6.0,58.195926285160034,69.12703190848887
Guarulhos,Vila São Gabriel (Rua João B. Glória),3,1638,6.0,73.26007326007326,69.1992775436484
São Paulo,Mutirão dos Padres,1,643,6.0,186.6251944012442,69.27152317880795
São Paulo,Favela da Paz,7,2857,6.0,42.00210010500525,69.34376881396749
São Paulo,Núcleo C - São Francisco Global,6,3060,6.0,39.2156862745098,69.41601444912703
São Paulo,Conjunto Habitacional Vila Prudente B,1,486,6.0,246.91358024691357,69.48826008428658
São Paulo,Jardim Andorinha,1,591,6.0,203.04568527918784,69.56050571944613
Guarulhos,Jardim Santa Edwirges,7,4040,6.0,29.7029702970297,69.63275135460566
São Paulo,Estação Jaraguá,1,757,6.0,158.52047556142668,69.7049969897652
São Paulo,Santo Eduardo Área 2,1,611,6.0,196.39934533551553,69.77724262492474
Santo André,Capuava,9,4812,6.0,24.937655860349125,69.84948826008429
Mauá,Paranavaí,3,2240,6.0,53.57142857142858,69.92173389524383
São Paulo,Dona Lola,1,522,6.0,229.88505747126436,69.99397953040337
Osasco,Açucará / Inigrantes / Real Cargas,7,4671,6.0,25.690430314707772,70.06622516556291
São Paulo,Coronel João Cabanas,3,1490,6.0,80.53691275167785,70.13847080072246
São Paulo,Dois de Maio,3,1395,6.0,86.02150537634408,70.210716435882
São Paulo,Rocinha,9,3220,6.0,37.267080745341616,70.28296207104154
Guarulhos,Jardim dos Eucaliptos,6,4176,6.0,28.735632183908045,70.35520770620109
Guarulhos,Jardim dos Olivas,2,1444,6.0,83.10249307479224,70.42745334136062
São Bernardo do Campo,Jd. Industrial (Glebas 1/2),1,1196,6.0,100.3344481605351,70.49969897652016
Guarulhos,Jardim Santa Maria / Parque das Laranjeiras / Jardim Santa E,3,1978,6.0,60.66734074823054,70.57194461167971
São Paulo,Helder Guimarães,3,1715,6.0,69.97084548104957,70.64419024683926
São Paulo,Mirassol do Oeste,3,1360,6.0,88.23529411764706,70.71643588199879
São Paulo,Vila Inglesa de Baixo,2,1043,6.0,115.05273250239692,70.78868151715834
São Paulo,Manuel Ribas,1,391,6.0,306.9053708439898,70.86092715231787
São Paulo,Jardim Nova Tereza,2,926,6.0,129.58963282937364,70.93317278747743
São Paulo,Campo Grande I,2,1248,6.0,96.15384615384616,71.00541842263696
Diadema,Nova Conquista / Krones A,12,6525,6.0,18.39080459770115,71.07766405779651
São Paulo,Jardim Panamericano,2,2042,6.0,58.765915768854065,71.14990969295604
São Paulo,Área Remanescente Guarani II,1,814,6.0,147.42014742014743,71.22215532811559
São Paulo,Teotônio Vilela,7,3407,6.0,35.22160258291752,71.29440096327514
Taboão da Serra,Jardim Record Gleba C - Ocupação Caótica,4,1709,6.0,70.21650087770625,71.36664659843468
São Paulo,Jardim Piracuama I e III,2,2287,6.0,52.4704853519895,71.43889223359422
São Paulo,Jardim Germânia - Jardim Campo de Fora,2,1104,6.0,108.69565217391305,71.51113786875376
São Paulo,Vanguarda,1,747,6.0,160.6425702811245,71.5833835039133
São Paulo,Araripira,2,1090,6.0,110.09174311926607,71.65562913907286
São Paulo,Jardim Capela / Santa Bárbara,3,764,6.0,157.06806282722513,71.72787477423239
São Paulo,Cantagalo,3,1571,6.0,76.38446849140675,71.80012040939194
Diadema,Itália,3,1490,6.0,80.53691275167785,71.87236604455147
São Paulo,Jardim Maia I,1,557,6.0,215.43985637342908,71.94461167971102
Santo André,Santa Cristina III,5,1795,5.0,55.71030640668524,72.00481637567731
São Paulo,Vinte,3,1474,5.0,67.84260515603799,72.06502107164359
Guarulhos,Jardim Rosa de Franca/Vila Rosália,1,558,5.0,179.21146953405017,72.12522576760986
São Paulo,Francisco Alves Bezerra II,1,658,5.0,151.9756838905775,72.18543046357617
Diadema,Nova Conquista / Krones B,10,5274,5.0,18.960940462646946,72.24563515954245
São Paulo,Natalino Almeida I,1,292,5.0,342.4657534246575,72.30583985550872
São Paulo,Jardim Solange II,4,2837,5.0,35.24850193866761,72.36604455147501
São Paulo,Rodovia Fernão Dias KM 83,1,576,5.0,173.61111111111111,72.4262492474413
São Paulo,Angelo Tarsini,2,1323,5.0,75.58578987150416,72.48645394340758
São Paulo,Santa Angela,1,385,5.0,259.7402597402597,72.54665863937387
São Paulo,Jardim Leônidas Moreira,3,1071,5.0,93.37068160597573,72.60686333534015
São Paulo,Invasão Parque Colorado,2,1049,5.0,95.32888465204957,72.66706803130644
São Paulo,Viela Cinco,3,1677,5.0,59.63029218843172,72.72727272727273
Carapicuíba,Roseira Parque,1,1026,5.0,97.46588693957115,72.78747742323901
Itaquaquecetuba,Núcleo Vila Monte Belo,8,5775,5.0,17.316017316017316,72.84768211920529
Carapicuíba,Jathay,4,1865,5.0,53.61930294906167,72.90788681517158
São Paulo,San Germaine,2,2368,5.0,42.22972972972973,72.96809151113787
São Paulo,Conj. Habitacional Cangaíba A,4,1434,5.0,69.73500697350069,73.02829620710415
São Paulo,Cidade da Criança Autoban,1,456,5.0,219.29824561403507,73.08850090307044
Cotia,Favela Vila Clara,2,965,5.0,103.62694300518135,73.14870559903672
São Paulo,Teodoro Cocher,2,410,5.0,243.90243902439025,73.20891029500302
São Paulo,Carombé do Alto,5,1196,5.0,83.61204013377926,73.2691149909693
São Paulo,José Oscar Borba,5,2032,5.0,49.21259842519685,73.32931968693558
São Paulo,Ferreira Viana,1,297,5.0,336.70033670033666,73.38952438290187
Embu-Guaçu,Parque Industrial,1,436,5.0,229.35779816513764,73.44972907886816
São Paulo,Teólogo John Wesley,3,1112,5.0,89.92805755395683,73.50993377483444
São Paulo,Morada do Sol II,3,2783,5.0,35.932446999640675,73.57013847080073
São Paulo,Jardim Horizonte Azul / Sapato Branco,3,1221,5.0,81.9000819000819,73.630343166767
Diadema,Morro do Samba,2,1497,5.0,66.8002672010688,73.6905478627333
São Paulo,Morro Doce I,1,450,5.0,222.22222222222223,73.75075255869959
Guarulhos,Residencial Bambi,2,1424,5.0,70.2247191011236,73.81095725466587
São Paulo,Japiaçu,1,728,5.0,137.36263736263737,73.87116195063214
São Paulo,Pullman,2,1428,5.0,70.0280112044818,73.93136664659843
São Paulo,Humaitá I e II,1,332,5.0,301.20481927710847,73.99157134256473
São Paulo,Limoeiro - MP - 01,1,365,5.0,273.972602739726,74.051776038531
São Paulo,Projetada,3,1133,5.0,88.261253309797,74.1119807344973
São Paulo,Jardim São Bernardo II,2,761,5.0,131.4060446780552,74.17218543046357
São Paulo,José Lopes,1,703,5.0,142.2475106685633,74.23239012642986
São Paulo,Jardim Toca/ Jardim Progresso,3,1208,5.0,82.78145695364239,74.29259482239615
Guarulhos,Jardim Santa Maria II/Monte Alegre,3,2287,5.0,43.72540445999125,74.35279951836243
São Paulo,Vila Paulistano II,4,1742,5.0,57.4052812858783,74.41300421432871
Guarulhos,Rua Carau / Geraldo Ponciano,2,1107,5.0,90.33423667570008,74.47320891029501
São Paulo,Jardim Souza / Jardim Souza II,5,2195,5.0,45.558086560364465,74.53341360626129
Mauá,Rua Joaquim Pereira dos Santos,1,942,5.0,106.15711252653928,74.59361830222757
São Paulo,Tabor,1,810,5.0,123.45679012345678,74.65382299819386
Itaquaquecetuba,Parque Recanto Mônica,3,4539,5.0,22.03128442388191,74.71402769416015
Guarulhos,Cidade Soberana,2,856,5.0,116.82242990654204,74.77423239012643
Santo André,Vila Metalúrgica,2,1375,5.0,72.72727272727272,74.83443708609272
Osasco,Bussocaba - AC,1,760,5.0,131.57894736842104,74.894641782059
São Paulo,Sítio Coimbra,4,1975,5.0,50.63291139240506,74.95484647802529
São Paulo,Ângelo Cristianini,1,408,5.0,245.09803921568627,75.01505117399158
São Paulo,Vila Cais,3,1818,5.0,55.005500550055004,75.07525586995786
São Paulo,Sucupira II,4,1421,5.0,70.37297677691767,75.13546056592413
São Paulo,Parque Recanto Cocaia,9,3856,5.0,25.933609958506224,75.19566526189043
São Paulo,Parque Santo Antônio II,1,589,5.0,169.7792869269949,75.25586995785672
São Paulo,Jardim Comercial II,3,1666,5.0,60.024009603841534,75.316074653823
Osasco,Bandeiras - AQ I,2,894,5.0,111.85682326621924,75.37627934978929
São Paulo,Jardim Peri Alto,2,1077,5.0,92.85051067780873,75.43648404575556
Osasco,Jardim Elvira - C2,2,975,5.0,102.56410256410257,75.49668874172185
São Paulo,Parque Recreio,2,604,5.0,165.56291390728478,75.55689343768815
Osasco,Jardim Marieta - N,4,3037,5.0,32.927230819888045,75.61709813365442
Guarulhos,Cidade Satélite (Rua Barra de São Miguel),1,966,5.0,103.51966873706004,75.67730282962071
São Paulo,Jardim Caiçara,2,1039,5.0,96.24639076034649,75.737507525587
São Bernardo do Campo,Parque Hawaí,1,1171,5.0,85.39709649871904,75.79771222155328
São Bernardo do Campo,Jesus de Nazareth/Ferrazópolis,9,4667,5.0,21.427040925648168,75.85791691751956
São Paulo,Dezenove,2,869,5.0,115.07479861910241,75.91812161348585
São Paulo,Beira-Mar,1,439,5.0,227.7904328018223,75.97832630945214
São Paulo,Jardim Pérola III / Alphonse Joailler,3,2172,5.0,46.04051565377532,76.03853100541842
Mogi das Cruzes,Vila Nova União,4,1904,5.0,52.52100840336134,76.09873570138471
São Paulo,Jardim Angela I,6,2660,5.0,37.59398496240602,76.15894039735099
São Paulo,Jardim Rincão II / Jardim Alvina II,2,1458,5.0,68.58710562414265,76.21914509331728
São Paulo,Americanópolis II,2,473,5.0,211.41649048625794,76.27934978928357
São Paulo,Erundina,4,2794,5.0,35.79098067287043,76.33955448524985
Guarulhos,Jardim Flor da Montanha - Jardim Santa Mena,4,2366,5.0,42.265426880811496,76.39975918121613
São Paulo,Parque Guarani Mogno,3,1824,5.0,54.82456140350877,76.45996387718242
São Paulo,Walter Ferreira,1,570,5.0,175.43859649122808,76.52016857314871
São Paulo,Ministro Correia de Castro,3,1310,5.0,76.33587786259542,76.58037326911499
São Paulo,Guanabara,2,893,5.0,111.98208286674132,76.64057796508128
São Bernardo do Campo,Pai Herói,3,2476,5.0,40.38772213247173,76.70078266104755
São Paulo,Jardim Orion / Jardim Império,4,2329,5.0,42.93688278231001,76.76098735701385
Guarulhos,Vila Nova Bonsucesso II,1,877,5.0,114.02508551881414,76.82119205298014
Taboão da Serra,Ocupação Morro do Sabão,4,1892,5.0,52.854122621564485,76.88139674894641
São Paulo,Elisa Maria,7,3520,5.0,28.409090909090907,76.9416014449127
São Paulo,São Francisco,3,1185,5.0,84.38818565400844,77.001806140879
Guarulhos,Jardim Bela Vista II,1,766,5.0,130.54830287206266,77.06201083684527
Mogi das Cruzes,Vila Estação,3,2076,5.0,48.16955684007707,77.12221553281155
São Paulo,Regatas 3,2,871,4.0,91.84845005740529,77.17037928958459
São Paulo,João Antônio Chavier,1,369,4.0,216.80216802168022,77.21854304635761
Itapecerica da Serra,Guatemala,5,1769,4.0,45.223289994347084,77.26670680313065
Diadema,Marilene/Afonso Pena,9,4837,4.0,16.539177175935496,77.31487055990367
São Paulo,Ocupação Boa Esperança,2,1277,4.0,62.64682850430697,77.3630343166767
São Paulo,Núcleo D - São Francisco Global,2,1054,4.0,75.90132827324479,77.41119807344973
São Paulo,Alto da Alegria,4,1300,4.0,61.53846153846154,77.45936183022276
Suzano,Cidade Miguel Badra-Planalto,9,3162,4.0,25.30044275774826,77.50752558699578
São Paulo,Vila Marcelo - Invasão,3,1879,4.0,42.57583821181479,77.55568934376882
São Paulo,Cidade Papai Noel 2,5,1411,4.0,56.69737774627923,77.60385310054184
Santo André,Vista Alegre,5,3974,4.0,20.130850528434827,77.65201685731486
São Paulo,Jardim Canaã,1,1454,4.0,55.02063273727648,77.7001806140879
São Paulo,Guerreiro,3,1725,4.0,46.3768115942029,77.74834437086092
São Paulo,Rua Guarani,1,742,4.0,107.8167115902965,77.79650812763396
Diadema,Santa Luzia,2,1544,4.0,51.81347150259067,77.84467188440698
São Paulo,Núcleo A - São Francisco Global,2,1212,4.0,66.00660066006601,77.89283564118001
Itapevi,Jardim Santa Rita (Rua Otawa),1,437,4.0,183.0663615560641,77.94099939795304
São Paulo,Gilberto Chaves,4,1934,4.0,41.36504653567735,77.98916315472607
Itapevi,Morro do Quiabo/Conjunto Habitacional Setor B,2,1599,4.0,50.03126954346467,78.0373269114991
São Paulo,Jardim São Judas Tadeu,2,901,4.0,88.79023307436182,78.08549066827213
São Paulo,Gabriela Mistral,1,991,4.0,80.72653884964683,78.13365442504515
São Paulo,Jardim Marabá / Freguesia de Polares,4,1091,4.0,73.32722273143905,78.18181818181819
São Paulo,Edmundo de Paula Coelho,3,417,4.0,191.84652278177458,78.22998193859121
São Paulo,Light I,2,391,4.0,204.60358056265983,78.27814569536424
São Paulo,Jardim Nova Vitória,3,1441,4.0,55.51700208188758,78.32630945213727
São Paulo,Maria Virgínia,4,1341,4.0,59.65697240865026,78.3744732089103
São Paulo,Esperança,1,311,4.0,257.2347266881029,78.42263696568332
São Paulo,Espama,1,556,4.0,143.88489208633095,78.47080072245635
Santana de Parnaíba,Jardim Granada,3,1246,4.0,64.20545746388443,78.51896447922938
São Paulo,Lidiane,1,1220,4.0,65.57377049180327,78.5671282360024
São Paulo,Jardim Orion,3,1178,4.0,67.91171477079797,78.61529199277544
São Paulo,Zavuvus,2,871,4.0,91.84845005740529,78.66345574954846
Carapicuíba,Avenida Brasil,1,205,4.0,390.2439024390244,78.7116195063215
São Paulo,"Parque São José III, V e Vila Eda",6,2021,4.0,39.584364176150416,78.75978326309452
Carapicuíba,Reciclagem,3,2043,4.0,39.15810083210964,78.80794701986756
São Paulo,Parque São Domingos,1,476,4.0,168.0672268907563,78.85611077664058
São Paulo,Jardim Paulo VII,1,497,4.0,160.96579476861166,78.90427453341361
Osasco,Colinas d'Oeste,16,10182,4.0,7.85700255352583,78.95243829018663
São Paulo,Coronel Hugo Bradaschia,1,242,4.0,330.5785123966942,79.00060204695967
Taboão da Serra,Irati HBB,3,1461,4.0,54.757015742642025,79.04876580373269
Osasco,Ind Anhanguera - CP,1,1095,4.0,73.05936073059361,79.09692956050573
Taboão da Serra,Jardim Leme II,2,976,4.0,81.9672131147541,79.14509331727875
São Paulo,Parque Paulistano,1,549,4.0,145.71948998178507,79.19325707405177
Osasco,Rochdale - I,5,2994,4.0,26.720106880427522,79.24142083082481
Osasco,Santa Maria - SM3,2,679,4.0,117.82032400589101,79.28958458759783
Carapicuíba,Jardim Angélica,2,812,4.0,98.52216748768473,79.33774834437087
Mauá,Núcleo Topázio/Morro do Careca,2,1219,4.0,65.62756357670222,79.38591210114389
São Paulo,Francisco Bitancourt,2,1227,4.0,65.19967400162999,79.43407585791692
São Paulo,Jardim Maria Estela,1,799,4.0,100.12515644555694,79.48223961468995
São Paulo,Vila Prudente,4,3241,4.0,24.68373958654736,79.53040337146298
São Paulo,Francisco / Minas Gás II,1,354,4.0,225.98870056497177,79.578567128236
São Paulo,Vila Regina,1,734,4.0,108.99182561307903,79.62673088500904
Diadema,Inverno / Verão / KM 19,2,895,4.0,89.3854748603352,79.67489464178206
São Paulo,Recanto Campo Belo / Aruana,4,2222,4.0,36.003600360036,79.7230583985551
São Paulo,Colibris da Serra,2,1521,4.0,52.59697567389875,79.77122215532812
São Paulo,Olaria,3,907,4.0,88.20286659316429,79.81938591210115
São Paulo,Complexo Penha Brasil,1,790,4.0,101.26582278481013,79.86754966887418
São Paulo,Comunidade Canto do Rio Verde,2,821,4.0,97.442143727162,79.91571342564721
São Paulo,Vila Santa Francisca Cabrini IV,1,525,4.0,152.38095238095238,79.96387718242023
Santo André,Ipiranga II,1,626,4.0,127.79552715654953,80.01204093919326
Carapicuíba,Rua Cacique / Nova Efraim,1,492,4.0,162.60162601626016,80.06020469596629
São Paulo,Favela do Gelo,2,1435,4.0,55.749128919860624,80.10836845273931
São Paulo,Mauro,2,769,4.0,104.03120936280884,80.15653220951235
São Paulo,João de Cruz e Souza,2,1317,4.0,60.74411541381929,80.20469596628537
São Paulo,Jardim Monte Azul,3,1662,4.0,48.13477737665463,80.2528597230584
Mauá,Egnes Rimazza Gianoni,2,858,4.0,93.24009324009324,80.30102347983143
São Paulo,Etelvina B,3,1054,4.0,75.90132827324479,80.34918723660446
São Paulo,Estância de Jequirituba,2,841,4.0,95.12485136741974,80.39735099337749
São Paulo,Jardim Nakamura I,4,1876,4.0,42.643923240938165,80.44551475015052
Mauá,Jardim Cerqueira Leite / Avenida Washington Luís,4,1580,4.0,50.63291139240506,80.49367850692354
São Paulo,Jardim Nova Conquista,1,282,4.0,283.68794326241135,80.54184226369657
São Paulo,Portelinha,1,572,4.0,139.86013986013987,80.5900060204696
São Paulo,Sete Praias II,1,674,4.0,118.69436201780415,80.63816977724262
São Paulo,Vila Albertina I,1,945,4.0,84.65608465608466,80.68633353401566
São Paulo,Jardim Zaira,2,783,4.0,102.17113665389529,80.73449729078868
São Bernardo do Campo,Vila dos Estudantes,2,1972,4.0,40.56795131845842,80.7826610475617
São Paulo,Serrana Fluminense,3,691,4.0,115.77424023154848,80.83082480433474
São Paulo,Jardim Alzira I e II,2,967,4.0,82.7300930713547,80.87898856110776
São Paulo,Sallus,1,837,4.0,95.57945041816009,80.9271523178808
Guarulhos,Jardim Bananal / Jardim Adelina,2,1075,4.0,74.41860465116278,80.97531607465382
São Bernardo do Campo,Simon Bolívar,2,616,4.0,129.87012987012986,81.02347983142685
Ferraz de Vasconcelos,Parque São Francisco,4,1321,4.0,60.56018168054504,81.07164358819988
São Paulo,São Vicente,2,1235,4.0,64.77732793522267,81.11980734497291
São Paulo,Jardim Cachoeira,1,1221,4.0,65.52006552006553,81.16797110174593
São Paulo,Sete de Setembro II,3,1276,4.0,62.695924764890286,81.21613485851896
São Bernardo do Campo,Pedreira,2,1546,4.0,51.746442432082794,81.26429861529199
São Paulo,Samuel Khuri,1,428,4.0,186.9158878504673,81.31246237206501
São Paulo,Jardim Guarani II,2,1057,4.0,75.68590350047303,81.36062612883805
São Paulo,Jardim São Manoel,3,1754,4.0,45.61003420752566,81.40878988561107
Guarulhos,Jardim São Domingos II,2,822,4.0,97.32360097323601,81.45695364238411
Guarulhos,Vale dos Machados,6,4493,4.0,17.805475183618963,81.50511739915713
São Paulo,Chácara Chacrinha,1,678,4.0,117.99410029498524,81.55328115593015
São Paulo,Sônia Ribeiro,1,855,4.0,93.5672514619883,81.60144491270319
São Bernardo do Campo,Rua Gaspar de Souza,1,410,4.0,195.1219512195122,81.64960866947621
São Paulo,Vasconcelos Chaves,2,355,4.0,225.35211267605635,81.69777242624924
São Paulo,Santa Rita II,2,1087,4.0,73.59705611775529,81.74593618302227
São Paulo,Jardim Adutora,4,2077,4.0,38.51709195955706,81.7940999397953
São Bernardo do Campo,Jardim Regina,4,2065,4.0,38.7409200968523,81.84226369656832
São Paulo,Cidade Baixa,1,990,4.0,80.8080808080808,81.89042745334136
Guarulhos,Jardim Paraíso II,2,2143,4.0,37.33084461035931,81.93859121011438
São Paulo,Jardim Sônia Ingá,4,1136,4.0,70.42253521126761,81.98675496688742
São Paulo,Morro da Alegria,1,296,4.0,270.27027027027026,82.03491872366044
Guarulhos,Água Azul I,1,375,4.0,213.33333333333334,82.08308248043348
São Paulo,Jardim Aracati I,2,1089,4.0,73.46189164370982,82.1312462372065
Diadema,Vila Nova III,3,1748,4.0,45.766590389016024,82.17940999397953
São Paulo,Uirapuru I,2,869,4.0,92.05983889528193,82.22757375075255
Ferraz de Vasconcelos,Jardim Sara/Jardim Maria,2,1450,4.0,55.17241379310345,82.27573750752558
São Paulo,Jardim Varginha I e III / Viela das Adálias,2,860,4.0,93.0232558139535,82.32390126429861
São Paulo,Ushikichi Kamiya,2,2063,4.0,38.77847794474067,82.37206502107163
São Paulo,Charles Cameron,1,295,4.0,271.1864406779661,82.42022877784467
Guarulhos,Jardim Ponte Alta I,7,4172,4.0,19.175455417066154,82.46839253461769
Guarulhos,Jardim Lenize I,3,1948,4.0,41.067761806981515,82.51655629139073
Guarulhos,Jardim Santa Inês II,1,667,4.0,119.94002998500748,82.56472004816375
São Paulo,Nossa Senhora das Virtudes I e II,2,794,4.0,100.75566750629723,82.61288380493679
São Paulo,Carlos Felber,2,646,4.0,123.8390092879257,82.66104756170981
São Paulo,Vila Bonilha,1,791,4.0,101.1378002528445,82.70921131848284
São Bernardo do Campo,Areião,9,5409,4.0,14.790164540580514,82.75737507525587
São Paulo,Chazinho,3,740,4.0,108.10810810810811,82.8055388320289
São Paulo,Niza,1,454,4.0,176.2114537444934,82.85370258880192
São Paulo,Santa Lúcia I / Minuetos,3,1330,4.0,60.150375939849624,82.90186634557496
Guarulhos,Jardim Paraíso II / Parque Mikail,3,1585,4.0,50.47318611987382,82.95003010234798
São Paulo,Sebastião Afonso,2,620,4.0,129.03225806451613,82.99819385912102
São Paulo,Pedra Branca,3,1257,3.0,47.7326968973747,83.03431667670078
São Paulo,Jardim Antonieta / Jardim Santo Antônio,2,856,3.0,70.09345794392523,83.07043949428056
São Paulo,Mirangoaba II,1,823,3.0,72.90400972053463,83.10656231186032
São Paulo,Paulo de Souza Ferreira,2,1121,3.0,53.52363960749331,83.1426851294401
Guarulhos,Jardim Jaci,1,761,3.0,78.84362680683311,83.17880794701988
São Paulo,Balneário São José,3,616,3.0,97.40259740259741,83.21493076459964
Guarulhos,Jardim Elizabeth,1,802,3.0,74.81296758104739,83.25105358217941
São Paulo,Jardim Olinda,3,1933,3.0,31.039834454216248,83.28717639975918
São Paulo,Encosta do Céu Paz / Jardim Paraná,6,4629,3.0,12.961762799740766,83.32329921733896
Carapicuíba,Comunidade Porangaba / Catagua,1,286,3.0,209.7902097902098,83.35942203491872
Guarulhos,Jardim Nova Cidade,1,566,3.0,106.00706713780917,83.39554485249849
Carapicuíba,Comunidade do Paraguai,1,538,3.0,111.52416356877323,83.43166767007827
São Paulo,Marilac,2,1008,3.0,59.52380952380953,83.46779048765804
São Paulo,Alegria II,2,266,3.0,225.5639097744361,83.5039133052378
Mauá,Estrada Adutora Rio Claro,4,2361,3.0,25.412960609911053,83.54003612281758
Mauá,Gralha Azul/Alto da Boa Vista,2,962,3.0,62.37006237006237,83.57615894039735
São Bernardo do Campo,Jardim Cláudia,6,2869,3.0,20.913210177762288,83.61228175797713
São Paulo,Papa Gregório Magno,1,215,3.0,279.06976744186045,83.6484045755569
Mauá,Jardim Pajussara,5,3538,3.0,16.95873374788016,83.68452739313666
São Paulo,Avenida João Simão de Castro,1,1194,3.0,50.25125628140704,83.72065021071644
São Paulo,Jardim Nazaré I / Jardim Reni,2,216,3.0,277.77777777777777,83.75677302829621
Guarulhos,Jardim Paraíso I,1,1428,3.0,42.016806722689076,83.79289584587598
São Paulo,Jardim Novo Copacabana - Tuparoquera,3,824,3.0,72.81553398058253,83.82901866345574
São Paulo,Estrada da Represa,3,976,3.0,61.47540983606558,83.86514148103552
Carapicuíba,Rua Bootes / Raquel de Queiroz,6,3724,3.0,16.111707841031148,83.9012642986153
Carapicuíba,Jardim Sandra Regina,2,1230,3.0,48.78048780487805,83.93738711619505
São Paulo,Condomínio Fechado Eliane,1,649,3.0,92.44992295839754,83.97350993377484
São Paulo,Peri Novo II,2,1079,3.0,55.60704355885078,84.0096327513546
São Paulo,Peri Alto II,1,1038,3.0,57.80346820809249,84.04575556893438
São Paulo,Tanquinho,4,868,3.0,69.12442396313364,84.08187838651415
Guarulhos,Jardim Lenize II,2,1151,3.0,52.12858384013901,84.11800120409391
Guarulhos,Jardim Cumbica III,1,256,3.0,234.375,84.1541240216737
Guarulhos,Jardim Arujá,1,321,3.0,186.9158878504673,84.19024683925346
São Paulo,Emboabas / César Ravasco,1,407,3.0,147.42014742014743,84.22636965683323
Cajamar,Jardim Florim,3,1358,3.0,44.18262150220913,84.26249247441301
São Bernardo do Campo,Parque Esmeralda,2,749,3.0,80.10680907877169,84.29861529199277
São Paulo,Parque Europa I,4,1543,3.0,38.88528839922229,84.33473810957256
São Paulo,Diogo Pires / Barão de Antonina,2,1223,3.0,49.05968928863451,84.37086092715231
São Paulo,Parque Europa II,2,893,3.0,67.18924972004478,84.40698374473209
São Paulo,Bonifácio Maia,1,320,3.0,187.5,84.44310656231187
São Paulo,Levanta Saia,1,294,3.0,204.08163265306123,84.47922937989163
Caieiras,Anita Garibaldi,1,595,3.0,100.84033613445378,84.5153521974714
São Bernardo do Campo,Lixão Alvarenga,4,2217,3.0,27.063599458728014,84.55147501505117
Franco da Rocha,Antônio Nascimento,1,253,3.0,237.15415019762847,84.58759783263095
São Paulo,Parque Pereira,1,547,3.0,109.68921389396709,84.62372065021071
Osasco,Padroeira - BT,1,570,3.0,105.26315789473684,84.65984346779048
São Paulo,Delmondes,2,576,3.0,104.16666666666667,84.69596628537026
Taboão da Serra,Jardim Trianon Posto de Saúde - José Miele,5,2186,3.0,27.44739249771272,84.73208910295003
Osasco,Piratininga - CI,6,3901,3.0,15.380671622660856,84.76821192052981
Taboão da Serra,Jardim Vale das Flores - CSU,5,1960,3.0,30.612244897959183,84.80433473810957
São Paulo,Parque Figueira Grande II,2,1282,3.0,46.801872074883,84.84045755568934
Barueri,Otacílio Alves Martins,1,1745,3.0,34.38395415472779,84.87658037326912
São Paulo,Jardim Rosana,3,1252,3.0,47.92332268370607,84.91270319084889
Osasco,Rochdale - M,3,1386,3.0,43.29004329004329,84.94882600842865
São Paulo,Jardim Carumbe / Lázaro de Barros,2,455,3.0,131.86813186813185,84.98494882600843
São Paulo,Jardim Capelinha / Nuno Roland,1,721,3.0,83.21775312066575,85.0210716435882
Barueri,Jardim Audir,2,893,3.0,67.18924972004478,85.05719446116797
São Paulo,São José Operário,4,1093,3.0,54.89478499542544,85.09331727874773
São Paulo,Mandiocal I do Parque Regina,3,821,3.0,73.0816077953715,85.12944009632751
Osasco,Jaguaribe - AB,4,3921,3.0,15.30221882172915,85.1655629139073
Guarulhos,Jardim Cumbica II,1,599,3.0,100.1669449081803,85.20168573148706
São Paulo,Jardim Uberaba,1,721,3.0,83.21775312066575,85.23780854906683
São Paulo,Satélite Dioneia,8,1354,3.0,44.313146233382575,85.2739313666466
São Paulo,Parque da Cantareira,3,866,3.0,69.28406466512702,85.31005418422637
São Paulo,Sítio dos Pereiras / Cond. Jequiritiba,2,1101,3.0,54.495912806539515,85.34617700180614
São Paulo,Jardim Arizona,3,895,3.0,67.0391061452514,85.3822998193859
Mogi das Cruzes,Vila Nova Jundiapeba,1,993,3.0,60.42296072507553,85.41842263696569
Cotia,Favela do Chiclete,1,194,3.0,309.2783505154639,85.45454545454545
São Paulo,Jardim Arnaldo,3,1415,3.0,42.40282685512368,85.49066827212522
São Paulo,Lago do Junca,2,1154,3.0,51.99306759098787,85.526791089705
São Paulo,Jardim Santa Terezinha,4,2119,3.0,28.315243039169417,85.56291390728477
São Paulo,Sem Terra,3,1207,3.0,49.71002485501243,85.59903672486455
São Paulo,Parque Belém,3,1749,3.0,34.305317324185246,85.6351595424443
Francisco Morato,Jardim Astúrias,8,2589,3.0,23.174971031286212,85.67128236002408
São Paulo,Domênico Lansete,8,2969,3.0,20.20882452004042,85.70740517760386
São Paulo,Jardim Cotinha,3,1003,3.0,59.82053838484546,85.74352799518363
Osasco,Bussocaba - AD 2/Jaguaribe,2,819,3.0,73.26007326007326,85.77965081276339
São Paulo,Parque Boturussu,2,771,3.0,77.82101167315176,85.81577363034316
São Paulo,Jardim Vila Cisper II,1,611,3.0,98.19967266775777,85.85189644792294
São Paulo,Parque Cavalo Branco,8,3860,3.0,15.5440414507772,85.88801926550272
Osasco,Dersa / Buraco,2,1425,3.0,42.10526315789474,85.92414208308247
São Paulo,Parque Santo Antônio IV,3,1073,3.0,55.917986952469704,85.96026490066225
Osasco,Girassois - CY,5,1702,3.0,35.252643948296125,85.99638771824202
Francisco Morato,Ouro Preto,7,1638,3.0,36.63003663003663,86.0325105358218
São Paulo,Chamocos,1,332,3.0,180.72289156626508,86.06863335340157
Ferraz de Vasconcelos,Jardim São José 2,1,275,3.0,218.1818181818182,86.10475617098133
Ferraz de Vasconcelos,Jardim TV,4,1966,3.0,30.51881993896236,86.14087898856111
São Paulo,Avenida Carlos Barbosa Santos / Estrada do Schmidt,14,3189,3.0,18.814675446848543,86.17700180614088
São Paulo,Santa Davina,1,615,3.0,97.5609756097561,86.21312462372065
São Paulo,Antonio Candido de Alvarenga,1,197,3.0,304.56852791878174,86.24924744130043
Guarulhos,Santa Angelina,2,555,3.0,108.10810810810811,86.28537025888019
Itaquaquecetuba,Jardim Fiorelo,1,1115,3.0,53.81165919282512,86.32149307645996
São Bernardo do Campo,Alvarenga Peixoto,1,333,3.0,180.18018018018017,86.35761589403972
Guarulhos,Residencial Bambi II,1,390,3.0,153.84615384615384,86.3937387116195
São Paulo,Santa Helena,2,479,3.0,125.26096033402922,86.42986152919929
São Paulo,Funaps Multirão,2,1111,3.0,54.005400540054005,86.46598434677905
São Paulo,Santa Júlia,1,654,3.0,91.74311926605505,86.50210716435882
São Paulo,Recanto dos Humildes,1,444,3.0,135.13513513513513,86.53822998193858
São Paulo,Fruta Pão,1,230,3.0,260.8695652173913,86.57435279951837
Santo André,Sacadura Cabral,3,2250,3.0,26.666666666666668,86.61047561709813
São Paulo,Jardim São Paulo I,1,386,3.0,155.440414507772,86.6465984346779
São Paulo,Francisco Munhoz Filho,3,1291,3.0,46.47560030983734,86.68272125225768
Santo André,Queirós Filho,1,513,3.0,116.95906432748538,86.71884406983744
São Paulo,Santa Lúcia II,2,563,3.0,106.57193605683837,86.75496688741721
São Paulo,João Batista Nogueira,1,207,3.0,289.8550724637681,86.79108970499699
São Paulo,Itacolomi,2,744,3.0,80.64516129032258,86.82721252257676
São Paulo,Ubai,1,229,3.0,262.0087336244541,86.86333534015654
São Bernardo do Campo,Carminha / Detroit,4,1582,3.0,37.92667509481669,86.89945815773629
Guarulhos,Núcleo Habitacional Jardim Guaracy,1,259,3.0,231.66023166023166,86.93558097531607
São Paulo,Aristocrata Clube - invasão,2,866,3.0,69.28406466512702,86.97170379289585
Diadema,Nações / Berlim,2,774,3.0,77.51937984496124,87.00782661047562
São Paulo,Ventura Branco,1,503,3.0,119.28429423459245,87.04394942805538
São Paulo,Três Fronteiras,3,1270,3.0,47.24409448818898,87.08007224563517
Guarulhos,Tijuco Preto,3,3303,3.0,18.1653042688465,87.11619506321493
Diadema,União 1 B,5,2107,3.0,28.4765068818225,87.15231788079471
São Paulo,Horto do Ipê,2,1713,3.0,35.02626970227671,87.18844069837446
São Paulo,Alto da Rivieira B / Jardim Guanguará,5,1739,3.0,34.50258769407706,87.22456351595424
São Paulo,Jardim Imbuias I,3,1701,3.0,35.27336860670194,87.26068633353403
São Paulo,Vila Carmosina,6,3303,3.0,18.1653042688465,87.29680915111379
São Paulo,Gêmeos,3,520,3.0,115.3846153846154,87.33293196869356
São Paulo,Ilha das Cobras,1,353,3.0,169.97167138810198,87.36905478627332
São Paulo,Afonso Domingues,1,625,3.0,96.0,87.4051776038531
São Paulo,Imprensa Colonos,3,1004,3.0,59.7609561752988,87.44130042143287
São Paulo,Rua Jacob Guilger Reimberg,1,356,3.0,168.53932584269663,87.47742323901264
São Paulo,Jardim Itapura III,1,429,3.0,139.86013986013987,87.51354605659242
São Paulo,Vila Beira Alta,2,767,3.0,78.22685788787483,87.54966887417218
São Paulo,Guaratu,1,103,3.0,582.5242718446602,87.58579169175195
Itapevi,Itaquarí/Jardim Ruth,1,545,3.0,110.09174311926607,87.62191450933173
São Paulo,Cidade Alta II,1,348,3.0,172.41379310344828,87.6580373269115
São Paulo,Campo de Luta,1,540,3.0,111.11111111111111,87.69416014449128
Diadema,Portinari,1,704,3.0,85.22727272727272,87.73028296207104
São Paulo,Jardim Ideal,1,449,3.0,133.63028953229397,87.76640577965081
Diadema,Piratininga I e II,2,1585,3.0,37.85488958990536,87.80252859723059
São Paulo,Viela Walter,2,678,3.0,88.49557522123894,87.83865141481036
São Paulo,Monte Kemel,1,114,3.0,526.3157894736842,87.87477423239012
São Paulo,Jardim São Carlos,4,1574,3.0,38.11944091486658,87.91089704996989
São Paulo,Charco,2,711,3.0,84.38818565400844,87.94701986754967
São Paulo,Jardim Maria Sampaio I,1,462,3.0,129.87012987012986,87.98314268512945
São Paulo,Santa Mônica,1,344,3.0,174.41860465116278,88.0192655027092
São Paulo,Quadra de Futebol,1,193,3.0,310.880829015544,88.05538832028898
Guarulhos,Jardim Santa Inês I,1,458,3.0,131.00436681222706,88.09151113786875
Mairiporã,Sitio Matias,1,312,3.0,192.30769230769232,88.12763395544853
São Paulo,Vila Zilda,2,1399,3.0,42.88777698355968,88.1637567730283
São Paulo,Caititu,1,982,3.0,61.099796334012225,88.19987959060806
Diadema,Favela do Padre / Vila dos Palmares,2,1222,3.0,49.09983633387888,88.23600240818784
São Bernardo do Campo,Victor Brecheret/Jardim Represa,3,1761,3.0,34.07155025553663,88.27212522576761
Itaquaquecetuba,Vila Roseli / Vitória,1,1013,3.0,59.23000987166831,88.30824804334738
São Paulo,Liviero,1,537,3.0,111.73184357541899,88.34437086092716
São Paulo,Autódromo II,2,1066,3.0,56.28517823639775,88.38049367850692
Diadema,Cação Calango Cachalote,2,1139,3.0,52.67778753292362,88.4166164960867
Ferraz de Vasconcelos,Jardim Metrópole/São Judas,2,593,3.0,101.1804384485666,88.45273931366646
São Paulo,Santa Terezinha / Fepasa / Apiaris,7,2637,3.0,22.753128555176335,88.48886213124624
São Paulo,Augusto Montenegro,1,156,3.0,384.61538461538464,88.52498494882602
São Paulo,Ascenso Fernandes,1,254,3.0,236.2204724409449,88.56110776640578
Mauá,Avenida Jesuíno Nicomédio Santos,2,791,3.0,75.85335018963337,88.59723058398555
Guarulhos,Jardim Santo Afonso,4,1109,3.0,54.10279531109107,88.63335340156532
Diadema,Imbaúva,2,731,3.0,82.07934336525308,88.6694762191451
São Paulo,Quilometro Vinte e Oito,5,1319,3.0,45.48900682335102,88.70559903672486
São Bernardo do Campo,Vila Galiléia / Vila Rosa,1,830,3.0,72.28915662650603,88.74172185430463
Santo André,Oratório,1,344,3.0,174.41860465116278,88.77784467188441
São Paulo,"Jardim Fujihara I, II,  III e Jardim  Nakamura II",5,2042,3.0,29.382957884427032,88.81396748946418
São Paulo,Nossa Senhora Aparecida (Parque Cocaia),1,271,3.0,221.4022140221402,88.85009030704396
São Paulo,Vila Rubi,3,1456,3.0,41.20879120879121,88.88621312462372
São Paulo,Raimundo Pereira de Magalhães,1,301,3.0,199.33554817275746,88.92233594220349
São Paulo,Jardim Alpino II,1,489,3.0,122.69938650306749,88.95845875978327
Santo André,Cata Preta Eucaliptos,4,3444,2.0,11.614401858304298,88.98254063816978
São Paulo,Céu Sapopemba,1,300,2.0,133.33333333333334,89.00662251655629
Osasco,Vila Menck - BU,1,445,2.0,89.88764044943821,89.0307043949428
São Paulo,Amadeu,1,722,2.0,55.4016620498615,89.05478627332933
Santo André,Espírito Santo I,7,2782,2.0,14.378145219266715,89.07886815171582
São Paulo,Cidade Papai Noel,5,2350,2.0,17.02127659574468,89.10295003010235
Pirapora do Bom Jesus,Nucleo Barragem,1,551,2.0,72.59528130671505,89.12703190848886
Santo André,Gamboa II,1,761,2.0,52.562417871222074,89.15111378687538
São Paulo,Alfredo Avila,1,441,2.0,90.702947845805,89.17519566526188
São Bernardo do Campo,Jurubeba,1,628,2.0,63.69426751592356,89.1992775436484
São Paulo,Alto do Riviera A,4,1651,2.0,24.227740763173834,89.22335942203492
Santo André,Gregório de Matos,2,745,2.0,53.69127516778523,89.24744130042144
São Paulo,Boa Esperança,1,334,2.0,119.76047904191617,89.27152317880794
São Bernardo do Campo,Rua Paraíba / Ceará-Mirim,2,703,2.0,56.899004267425326,89.29560505719446
São Paulo,Alba,3,1252,2.0,31.94888178913738,89.31968693558098
São Paulo,Beija-Flor,2,569,2.0,70.29876977152901,89.3437688139675
São Paulo,Palácio Guanabara,4,1585,2.0,25.23659305993691,89.367850692354
São Paulo,Carrãozinho II,3,643,2.0,62.20839813374805,89.39193257074052
São Paulo,Ministro Lins de Barros,1,307,2.0,130.29315960912052,89.41601444912703
São Paulo,Parque Fernanda II,1,360,2.0,111.11111111111111,89.44009632751354
Suzano,Jardim Belém,2,529,2.0,75.61436672967864,89.46417820590005
São Bernardo do Campo,Novo Parque / Parque São Bernardo,2,1300,2.0,30.76923076923077,89.48826008428658
São Bernardo do Campo,Los Angeles,1,516,2.0,77.51937984496124,89.51234196267309
São Paulo,Parque Fernanda III,1,440,2.0,90.9090909090909,89.5364238410596
São Paulo,Córrego João Botelho,1,281,2.0,142.34875444839858,89.56050571944611
São Bernardo do Campo,Santa Mônica,2,931,2.0,42.964554242749735,89.58458759783264
São Paulo,Avenida Gabriela Mistral,1,307,2.0,130.29315960912052,89.60866947621915
São Paulo,Cefalonia / Moenda Velha,1,554,2.0,72.20216606498195,89.63275135460566
São Paulo,Campo Limpo C,1,251,2.0,159.3625498007968,89.65683323299217
São Paulo,Núcleo Particular,1,544,2.0,73.52941176470588,89.6809151113787
São Bernardo do Campo,Vila Vanguarda / Saracantan,2,583,2.0,68.61063464837049,89.7049969897652
São Paulo,Libanesa,1,667,2.0,59.97001499250374,89.72907886815172
São Paulo,Paranapanema II,3,1425,2.0,28.07017543859649,89.75316074653823
São Paulo,Chácara Vale do Sol / Morro da Mandioca,3,694,2.0,57.636887608069166,89.77724262492475
Santo André,Esfinge,1,207,2.0,193.23671497584542,89.80132450331125
São Paulo,Barro Branco,1,361,2.0,110.803324099723,89.82540638169777
São Paulo,Barra da Buriquióca,1,230,2.0,173.91304347826087,89.84948826008429
São Paulo,Lupércio de Souza Cortêz,1,289,2.0,138.4083044982699,89.87357013847081
São Paulo,Colina,1,539,2.0,74.21150278293135,89.89765201685731
São Paulo,Nova Apurá II,1,602,2.0,66.44518272425249,89.92173389524383
Santana de Parnaíba,Vila Rangel,1,475,2.0,84.21052631578948,89.94581577363034
São Paulo,Ocupação Morumbizinho - São Francisco Global,4,1555,2.0,25.723472668810288,89.96989765201687
São Paulo,Mário Belmonte,2,573,2.0,69.80802792321117,89.99397953040337
São Paulo,Baltazar de Campos / Viela A,2,416,2.0,96.15384615384616,90.01806140878989
São Paulo,Parque Boa Esperança,1,437,2.0,91.53318077803205,90.0421432871764
São Paulo,Conj. Habitacional São Miguel Paulista - P,3,949,2.0,42.149631190727085,90.06622516556291
São Paulo,Chácara do Meio / Jd. Apura / Portal Ecol,3,1971,2.0,20.294266869609334,90.09030704394942
São Bernardo do Campo,Sítio dos Morros,1,157,2.0,254.77707006369425,90.11438892233595
São Paulo,Basiléia II,1,452,2.0,88.49557522123894,90.13847080072246
Santo André,Toledana PMSA / CDHU,1,507,2.0,78.89546351084812,90.16255267910897
Ribeirão Pires,Chácara Nova Aliança,3,2037,2.0,19.636720667648504,90.18663455749548
São Paulo,Novo Vila Nascente,10,2640,2.0,15.151515151515152,90.210716435882
São Paulo,Carlos Mattiz,3,1095,2.0,36.529680365296805,90.23479831426852
São Paulo,Corrego Pintadinho,2,398,2.0,100.50251256281408,90.25888019265503
São Paulo,Orvalheira,1,596,2.0,67.11409395973153,90.28296207104154
São Paulo,Apuanã,1,286,2.0,139.86013986013987,90.30704394942805
Osasco,Veloso - W,2,902,2.0,44.34589800443459,90.33112582781457
São Paulo,Antônio Carlos Teixeira Monteiro,2,497,2.0,80.48289738430583,90.35520770620109
São Paulo,Caruxa,2,1133,2.0,35.3045013239188,90.3792895845876
São Paulo,Machado Nunes / Pimentel Távora,1,294,2.0,136.05442176870747,90.4033714629741
São Paulo,Colônia - Jardim Pedra Branca,1,584,2.0,68.4931506849315,90.42745334136063
São Paulo,Antônio Madi,1,517,2.0,77.36943907156673,90.45153521974714
São Paulo,Aquarela do Parque Edu Chaves,1,447,2.0,89.48545861297539,90.47561709813365
São Paulo,Blocos Ebenizer,1,364,2.0,109.89010989010988,90.49969897652016
São Paulo,Parque Figueira Grande III,1,492,2.0,81.30081300813008,90.52378085490669
São Paulo,Tanque Itápolis,2,523,2.0,76.48183556405354,90.5478627332932
São Paulo,São José Bruna Galéa,1,651,2.0,61.443932411674346,90.57194461167971
Franco da Rocha,Monte Verde II,1,342,2.0,116.95906432748538,90.59602649006622
São Paulo,São José II,2,364,2.0,109.89010989010988,90.62010836845273
Franco da Rocha,Arco-íris,4,1558,2.0,25.673940949935815,90.64419024683926
São Paulo,Jardim Cidade Pirituba,1,282,2.0,141.84397163120568,90.66827212522577
Francisco Morato,Rua das Margaridas,1,457,2.0,87.527352297593,90.69235400361228
São Paulo,Símbolo,1,224,2.0,178.57142857142856,90.71643588199879
São Paulo,Sítio Barrocada,4,1672,2.0,23.923444976076556,90.7405177603853
Francisco Morato,Recanto Soraya,2,888,2.0,45.04504504504504,90.76459963877183
São Paulo,Sítio Carraozinho II / Alto Paulistano / Nova Conquista,7,2833,2.0,14.119308153900459,90.78868151715834
Francisco Morato,Jardim Flórida,1,730,2.0,54.794520547945204,90.81276339554485
São Paulo,Jardim Tancredo,1,397,2.0,100.75566750629723,90.83684527393136
Ferraz de Vasconcelos,Parque São Francisco II,1,533,2.0,75.046904315197,90.86092715231788
Franco da Rocha,Taubaté / Vargas,1,172,2.0,232.5581395348837,90.8850090307044
Ferraz de Vasconcelos,Nova Ferraz,9,2578,2.0,15.51590380139643,90.9090909090909
São Paulo,Taquari,3,873,2.0,45.81901489117984,90.93317278747742
Ferraz de Vasconcelos,Jardim São Lázaro/Jardim Mercedes,2,413,2.0,96.85230024213075,90.95725466586394
São Paulo,Jardim Ernestina,1,622,2.0,64.30868167202573,90.98133654425044
São Paulo,Teotônio Vilela Artigas,1,588,2.0,68.02721088435374,91.00541842263696
São Paulo,Teotônio Vilela Cohab,1,357,2.0,112.04481792717085,91.02950030102348
São Paulo,Tereza,3,901,2.0,44.39511653718091,91.05358217941
Ferraz de Vasconcelos,Jacarezinho,2,604,2.0,66.2251655629139,91.0776640577965
São Paulo,Jardim Fontalis,1,827,2.0,48.367593712212816,91.10174593618302
São Paulo,Tomás Pompeu II,1,488,2.0,81.9672131147541,91.12582781456953
São Paulo,Totó,3,697,2.0,57.38880918220947,91.14990969295606
São Paulo,Travessa Aldo Ribeiro de Luz,2,429,2.0,93.24009324009324,91.17399157134255
São Paulo,São Geraldo Jardel Filho,3,837,2.0,47.789725209080046,91.19807344972908
São Paulo,Jardim Calú,3,1287,2.0,31.08003108003108,91.22215532811559
Guarulhos,Vila Operária / Cabuçu,3,2556,2.0,15.649452269170578,91.24623720650212
São Paulo,Itápolis,2,580,2.0,68.9655172413793,91.27031908488861
Guarulhos,Vila Nova Cumbica,3,1098,2.0,36.42987249544627,91.29440096327514
São Paulo,Imprensa Nilópólis,1,468,2.0,85.47008547008546,91.31848284166165
São Paulo,S.O.S Moradia,2,1016,2.0,39.37007874015748,91.34256472004816
Guarulhos,Vila Lanzara,1,472,2.0,84.7457627118644,91.36664659843467
São Paulo,Império II,1,575,2.0,69.56521739130436,91.3907284768212
São Paulo,Inajar de Souza I,1,1044,2.0,38.31417624521073,91.4148103552077
Guarulhos,Vila Carmela I,4,1876,2.0,21.321961620469082,91.43889223359422
Guarulhos,Parque Mikail,1,343,2.0,116.61807580174927,91.46297411198073
São Paulo,Santa Luzia,1,563,2.0,71.04795737122558,91.48705599036725
Guarulhos,Paes de Barros - Cumbica,2,1613,2.0,24.798512089274645,91.51113786875376
São Paulo,Itajuibe,1,530,2.0,75.47169811320754,91.53521974714027
Guarulhos,Jd Maria Aparecida / Vila São João Batista / Vila Marilda,1,960,2.0,41.66666666666667,91.55930162552679
Guarulhos,Jardim Zimbardi,2,647,2.0,61.82380216383308,91.58338350391331
Guarulhos,Bananal,3,2254,2.0,17.74622892635315,91.60746538229982
São Paulo,Jardim das Rosas,2,1181,2.0,33.869602032176125,91.63154726068633
São Paulo,Jamil Sawaya I,1,470,2.0,85.1063829787234,91.65562913907284
São Paulo,Jardim das Laranjeiras,2,745,2.0,53.69127516778523,91.67971101745937
São Paulo,Jardim Alpino,1,616,2.0,64.93506493506493,91.70379289584588
Guarulhos,Jardim Paulista,2,553,2.0,72.33273056057867,91.72787477423239
São Paulo,Jardim Amália,2,1401,2.0,28.551034975017846,91.7519566526189
Guarulhos,Jardim Guaracy,1,820,2.0,48.78048780487805,91.77603853100543
Guarulhos,Jardim Bela Vista I,1,202,2.0,198.01980198019803,91.80012040939192
São Paulo,Jardim Beatriz,2,738,2.0,54.200542005420054,91.82420228777845
São Paulo,Jardim Boa Sorte,1,690,2.0,57.971014492753625,91.84828416616496
Guarulhos,Cidade Satélite I,1,233,2.0,171.67381974248926,91.87236604455148
São Paulo,Sossego,1,411,2.0,97.32360097323601,91.89644792293798
São Paulo,União,1,178,2.0,224.71910112359552,91.9205298013245
São Paulo,Vera Cruz,1,506,2.0,79.05138339920948,91.94461167971102
São Paulo,Veronia I,3,1235,2.0,32.388663967611336,91.96869355809754
São Paulo,Jardim Nélia,3,1480,2.0,27.027027027027028,91.99277543648404
Diadema,Bandeirantes,1,145,2.0,275.8620689655172,92.01685731487056
Cotia,Sonho Meu (Rua da Penha),6,2331,2.0,17.16001716001716,92.04093919325707
São Paulo,Jardim Monte Líbano,5,2481,2.0,16.122531237404274,92.0650210716436
Carapicuíba,Vila Menck,2,645,2.0,62.015503875968996,92.0891029500301
Carapicuíba,Vila Dirce,1,512,2.0,78.125,92.11318482841662
São Paulo,Jardim Nova America II,1,581,2.0,68.84681583476765,92.13726670680313
São Paulo,Violão II,3,1896,2.0,21.09704641350211,92.16134858518964
Carapicuíba,Porta da Esperança,1,777,2.0,51.48005148005148,92.18543046357615
Carapicuíba,Martinópolis,1,208,2.0,192.30769230769232,92.20951234196268
Carapicuíba,Jardim Hermínia,1,167,2.0,239.52095808383234,92.23359422034919
Carapicuíba,Comunidade do Murão,2,1515,2.0,26.402640264026402,92.2576760987357
Carapicuíba,Comunidade Vinópolis / Comunidade Alterosa,2,1097,2.0,36.46308113035552,92.28175797712221
São Paulo,Jardim Santo André / Kaei Kawahira,2,931,2.0,42.964554242749735,92.30583985550874
São Paulo,Vila Aparecida,1,549,2.0,72.85974499089254,92.32992173389525
Carapicuíba,Avenida Dois Córregos II,1,453,2.0,88.30022075055187,92.35400361228176
São Paulo,Jardim Santa Terezinha II,1,310,2.0,129.03225806451613,92.37808549066827
São Paulo,Jardim Panorama,2,1808,2.0,22.123893805309734,92.4021673690548
Cajamar,Olaria I,1,1164,2.0,34.364261168384886,92.4262492474413
Cajamar,Danubio,1,435,2.0,91.95402298850574,92.45033112582782
Caieiras,Vicente Liza,2,776,2.0,51.54639175257732,92.47441300421433
São Paulo,Jardim Piracema,1,542,2.0,73.80073800738008,92.49849488260085
São Paulo,Jardim Planalto,2,869,2.0,46.029919447640964,92.52257676098735
Caieiras,Amabile Dellatorre,1,619,2.0,64.62035541195478,92.54665863937387
Taboão da Serra,Jardim Santa Cruz,1,253,2.0,158.10276679841897,92.57074051776038
São Paulo,Jardim Santa Cecília,3,742,2.0,53.90835579514825,92.59482239614691
São Paulo,Jardim Quarto Centenário,2,1452,2.0,27.54820936639118,92.6189042745334
Diadema,Bosque Real,1,749,2.0,53.4045393858478,92.64298615291993
Diadema,Cidade Alta / Uirapuru,1,274,2.0,145.98540145985402,92.66706803130644
Diadema,Cidade de Deus,1,259,2.0,154.44015444015443,92.69114990969297
São Paulo,Jardim Marcelo / Campo Ferreira II/ Jardim Marcelo II,2,1366,2.0,29.282576866764273,92.71523178807946
São Paulo,Vila Bom Jardim I,1,217,2.0,184.33179723502303,92.73931366646599
São Paulo,Vila Cheba,2,684,2.0,58.47953216374269,92.7633955448525
São Paulo,Vila Constância,1,363,2.0,110.19283746556472,92.78747742323901
Diadema,Vila Oriental I e II,1,361,2.0,110.803324099723,92.81155930162552
São Paulo,Vila Feliz,1,276,2.0,144.92753623188406,92.83564118001205
São Paulo,Jardim Independência,2,1209,2.0,33.085194375516956,92.85972305839856
São Paulo,Jardim Ipanema,4,1149,2.0,34.81288076588338,92.88380493678507
São Paulo,Jardim São Lourenço,2,524,2.0,76.33587786259542,92.90788681517158
Diadema,Tuiuti,1,253,2.0,158.10276679841897,92.9319686935581
São Paulo,Vila Iolanda - Invasão,3,1736,2.0,23.04147465437788,92.95605057194462
São Paulo,Jardim Irene III,1,147,2.0,272.10884353741494,92.98013245033113
Diadema,São Judas tadeu,1,580,2.0,68.9655172413793,93.00421432871764
São Paulo,Jardim Itajaí,5,838,2.0,47.7326968973747,93.02829620710415
São Paulo,Vila Nanci,1,464,2.0,86.20689655172414,93.05237808549067
Diadema,Rua do Mar / Álvares Cabral,1,429,2.0,93.24009324009324,93.07645996387718
São Paulo,Vila Nova Esperança (Vila Jaraguá),2,1642,2.0,24.3605359317905,93.1005418422637
Diadema,Parque Reid / Serra do Macaé / Nova Serrana,1,653,2.0,61.25574272588055,93.1246237206502
São Paulo,Vila Nova Pirajussara,2,1986,2.0,20.14098690835851,93.14870559903673
São Paulo,Vila Operária,3,921,2.0,43.43105320304018,93.17278747742324
Diadema,Nações / Inglaterra,1,669,2.0,59.790732436472354,93.19686935580975
Diadema,Mulford,1,875,2.0,45.714285714285715,93.22095123419626
Diadema,Mem de Sá,1,455,2.0,87.91208791208791,93.24503311258279
São Paulo,Jardim São Carlos II,1,692,2.0,57.80346820809249,93.2691149909693
Diadema,Maria Leonor,1,317,2.0,126.18296529968455,93.29319686935581
São Paulo,Vila Progresso,3,1104,2.0,36.231884057971016,93.31727874774232
São Paulo,Imperatriz Dona Amélia,1,323,2.0,123.8390092879257,93.34136062612883
Guarulhos,Jardim Ponte Alta II,1,206,2.0,194.17475728155338,93.36544250451536
Itaquaquecetuba,Jardim Luciana/Vila Arizona,1,503,2.0,79.52286282306163,93.38952438290187
São Paulo,Gaspar Madeira - São Francisco Global,1,798,2.0,50.12531328320802,93.41360626128838
São Paulo,Piqueri,1,704,2.0,56.81818181818181,93.43768813967489
São Paulo,Fragata da Constituição,2,1211,2.0,33.03055326176713,93.4617700180614
São Paulo,Parque São Paulo,1,241,2.0,165.97510373443984,93.48585189644793
São Paulo,Francisco Eugênio do Amaral,3,920,2.0,43.47826086956522,93.50993377483444
São Paulo,Recanto do Campo Belo III,1,584,2.0,68.4931506849315,93.53401565322095
São Paulo,Peinha,2,1564,2.0,25.57544757033248,93.55809753160746
São Paulo,Francisco Álvares,1,547,2.0,73.12614259597807,93.58217940999398
São Paulo,Rua Wilma Flor,1,287,2.0,139.37282229965157,93.6062612883805
Itaquaquecetuba,Jardim São Paulo,2,767,2.0,52.15123859191656,93.630343166767
Osasco,Bandeiras - AP,1,490,2.0,81.63265306122449,93.65442504515352
São Paulo,Parque São José VI,2,905,2.0,44.19889502762431,93.67850692354004
São Paulo,Fumaça / Neblina / Leblon,4,984,2.0,40.65040650406504,93.70258880192654
Osasco,Bandeiras - BP,1,550,2.0,72.72727272727272,93.72667068031306
Itaquaquecetuba,Vila Sônia,3,1884,2.0,21.231422505307858,93.75075255869957
Itaquaquecetuba,Jardim Josely,3,2577,2.0,15.521924718665115,93.7748344370861
Mairiporã,Jardim Brilha,3,1187,2.0,33.69839932603201,93.7989163154726
Mairiporã,Edésio Conceição Santos,1,225,2.0,177.7777777777778,93.82299819385912
São Paulo,Parque do Engenho / Alves de Souza,1,674,2.0,59.347181008902076,93.84708007224563
São Paulo,Fazenda da Juta V,1,963,2.0,41.53686396677051,93.87116195063216
Itaquaquecetuba,Vila Monte Belo II,1,690,2.0,57.971014492753625,93.89524382901865
São Paulo,Júlio Pinheiro,2,928,2.0,43.10344827586207,93.91932570740518
Itaquaquecetuba,Vila Maria Augusta,1,860,2.0,46.51162790697675,93.94340758579169
Itaquaquecetuba,Vila Ferreira,2,1511,2.0,26.472534745201855,93.96748946417821
Itaquaquecetuba,Vila Esperança,3,1802,2.0,22.197558268590456,93.99157134256471
Mauá,Rua José Leardini,1,131,2.0,305.3435114503817,94.01565322095124
Mauá,Rua Marcos Andreotti,1,170,2.0,235.2941176470588,94.03973509933775
São Paulo,Figueira da Polinésia,1,572,2.0,69.93006993006993,94.06381697772426
Mauá,Rua Pedro Serode,2,1072,2.0,37.3134328358209,94.08789885611077
Mauá,Rua Evaristo Basso,1,318,2.0,125.78616352201257,94.1119807344973
São Paulo,Pedro Vaz Rego,1,604,2.0,66.2251655629139,94.1360626128838
São Paulo,Enlevo,6,2248,2.0,17.793594306049823,94.16014449127032
São Paulo,Recanto Ana Maria,1,706,2.0,56.65722379603399,94.18422636965683
Itaquaquecetuba,Rua da Tubulação,7,3917,2.0,10.211896859841715,94.20830824804335
São Paulo,Galinha D'Água,1,565,2.0,70.79646017699115,94.23239012642986
São Paulo,Fazenda da Juta III,3,758,2.0,52.770448548812666,94.25647200481637
Osasco,Montalverne,1,308,2.0,129.87012987012986,94.28055388320288
São Paulo,Rua Professor Hasegawa,1,478,2.0,83.68200836820083,94.30463576158941
Mauá,Bendita Franco da Veiga,2,1155,2.0,34.63203463203463,94.32871763997592
Osasco,Ocupação Esperança,1,857,2.0,46.67444574095683,94.35279951836243
Mauá,Rua América do Sul,2,745,2.0,53.69127516778523,94.37688139674894
Mauá,Alvorada,1,1008,2.0,39.682539682539684,94.40096327513547
Osasco,Munhoz JR - D1,1,318,2.0,125.78616352201257,94.42504515352196
São Paulo,Guariroba,4,1265,2.0,31.620553359683797,94.44912703190849
São Paulo,Rua Coaracy,1,883,2.0,45.300113250283125,94.473208910295
São Paulo,Pouso do Capim Grosso,2,1354,2.0,29.542097488921712,94.49729078868152
Mauá,Canaã I,3,1507,2.0,26.542800265428003,94.52137266706802
Osasco,Jardim Santo Antônio - AH,4,997,2.0,40.12036108324975,94.54545454545455
Itapevi,Sapiatã (Rua Rio Jordão),1,985,2.0,40.609137055837564,94.56953642384106
São Paulo,Diogo Ramires,1,663,2.0,60.3318250377074,94.59361830222758
São Paulo,Haia do Carrão,2,1570,2.0,25.477707006369425,94.61770018061408
São Paulo,Rua Professor Cosme Deodato Tadeu,1,212,2.0,188.67924528301887,94.6417820590006
São Paulo,Parque Figueira Grande V,1,430,2.0,93.0232558139535,94.66586393738712
São Paulo,Gianetti,1,469,2.0,85.28784648187633,94.68994581577364
Osasco,Jardim Elvira - CH1/Castelo Branco,1,425,2.0,94.11764705882354,94.71402769416014
Mauá,Rua Carlos Drummond de Andrade,1,291,2.0,137.45704467353954,94.73810957254666
São Paulo,Domingos Tavares Santiago,1,657,2.0,60.88280060882801,94.76219145093317
São Paulo,Lagoa Real,3,1381,2.0,28.96451846488052,94.7862733293197
Itapecerica da Serra,Cidade dos Velhinhos,1,796,2.0,50.25125628140704,94.8103552077062
Osasco,Helena Maria - BM,1,522,2.0,76.62835249042146,94.83443708609272
São Paulo,João Veloso,2,349,2.0,114.61318051575931,94.85851896447923
São Paulo,Domênico Ferrabosco / Joana D'arc,2,866,2.0,46.18937644341801,94.88260084286574
Osasco,Bussocaba - AD1,1,331,2.0,120.84592145015105,94.90668272125225
São Paulo,Parque São José I e II,2,900,2.0,44.44444444444445,94.93076459963878
Mauá,Parque Bandeirantes,1,376,2.0,106.38297872340426,94.95484647802529
São Paulo,Jardim Irene II,1,436,1.0,45.87155963302752,94.96688741721854
São Paulo,Jardim Mabel,2,583,1.0,34.305317324185246,94.9789283564118
São Paulo,Mangue,2,321,1.0,62.30529595015577,94.99096929560505
São Paulo,Campo Novo do Sul / Campo Novo do Sul II,1,246,1.0,81.30081300813008,95.00301023479831
São Paulo,Estrada Aricanduva,2,869,1.0,23.014959723820482,95.01505117399157
São Paulo,Manoel Quirino de Matos,2,502,1.0,39.8406374501992,95.02709211318484
São Paulo,Condomínio Prisma,3,1684,1.0,11.876484560570072,95.03913305237809
São Paulo,Jardim Líbano,2,407,1.0,49.140049140049136,95.05117399157135
São Paulo,Jardim Letícia,1,307,1.0,65.14657980456026,95.06321493076459
São Paulo,Estrada Velha do Bororé,3,497,1.0,40.241448692152915,95.07525586995786
São Paulo,Jardim Jaraguá I,2,631,1.0,31.695721077654518,95.08729680915111
São Paulo,Jardim Leila / Parque Japão,1,481,1.0,41.58004158004158,95.09933774834437
São Paulo,Jardim São Gonçalo,1,175,1.0,114.28571428571429,95.11137868753762
São Paulo,Estrada Vargem Grande / Colonial,1,483,1.0,41.40786749482402,95.1234196267309
São Paulo,Jaú,1,190,1.0,105.26315789473684,95.13546056592415
São Paulo,Caboré,1,427,1.0,46.8384074941452,95.1475015051174
São Paulo,Caixa D'Água (Limão),1,264,1.0,75.75757575757575,95.15954244431065
São Paulo,Jardim Macedônia,1,398,1.0,50.25125628140704,95.17158338350391
São Paulo,Jardim Rebeca,1,406,1.0,49.26108374384236,95.18362432269717
São Paulo,Boi Malhado II,1,221,1.0,90.49773755656109,95.19566526189043
São Paulo,Daniel Gran,1,420,1.0,47.61904761904762,95.20770620108368
São Paulo,Dario Ribeiro,1,100,1.0,200.0,95.21974714027695
São Paulo,Dendezeiro,1,243,1.0,82.30452674897118,95.2317880794702
São Paulo,Dersa,3,873,1.0,22.90950744558992,95.24382901866345
São Paulo,Curema,1,672,1.0,29.761904761904766,95.2558699578567
São Paulo,Dias Vieira,1,610,1.0,32.78688524590164,95.26791089704997
São Paulo,Lavios,1,405,1.0,49.382716049382715,95.27995183624323
São Paulo,Jardim Olinda II,2,977,1.0,20.470829068577277,95.29199277543648
São Paulo,Jardim Novo Varginha,2,631,1.0,31.695721077654518,95.30403371462974
São Paulo,Domitila,1,574,1.0,34.84320557491289,95.31607465382301
São Paulo,Jardim Nossa Senhora Aparecida,1,559,1.0,35.77817531305903,95.32811559301626
São Paulo,Jardim Natal,1,299,1.0,66.8896321070234,95.3401565322095
São Paulo,Jardim Solange,4,1050,1.0,19.047619047619047,95.35219747140276
São Paulo,Jardim Soraia,1,151,1.0,132.4503311258278,95.36423841059603
São Paulo,Jardim Sydney II,1,438,1.0,45.662100456621005,95.37627934978929
São Paulo,Jardim Monte Alegre,1,575,1.0,34.78260869565218,95.38832028898254
São Paulo,Manuel Alves Ferreira,1,525,1.0,38.095238095238095,95.4003612281758
São Paulo,Jardim Mazza I,2,443,1.0,45.14672686230248,95.41240216736907
São Paulo,Jardim Marpu / Fonte,1,793,1.0,25.220680958385877,95.42444310656231
São Paulo,Jardim Maria Terezinha,4,1881,1.0,10.63264221158958,95.43648404575556
São Paulo,Elísio Teixeira Leite II,2,383,1.0,52.21932114882507,95.44852498494882
São Paulo,Entre Rios I,1,476,1.0,42.016806722689076,95.46056592414209
São Paulo,Entre Rios II,1,566,1.0,35.33568904593639,95.47260686333534
São Paulo,Jardim Marabá II,1,335,1.0,59.701492537313435,95.4846478025286
São Paulo,Ernesto Simões Filho,1,361,1.0,55.4016620498615,95.49668874172185
São Paulo,Estrada da Vovó Carolina,1,441,1.0,45.3514739229025,95.50872968091511
São Paulo,Conde Moreira Lima,1,177,1.0,112.99435028248588,95.52077062010837
São Paulo,Estrada de Poá,1,141,1.0,141.84397163120568,95.53281155930162
São Paulo,Chácara Dona América,2,568,1.0,35.21126760563381,95.54485249849488
São Paulo,José Alves da Silva,1,252,1.0,79.36507936507937,95.55689343768815
São Paulo,Gato Preto I e II,2,1158,1.0,17.271157167530223,95.5689343768814
São Paulo,Jardim das Camélias,1,339,1.0,58.99705014749262,95.58097531607466
São Paulo,Jardim da Felicidade,9,3879,1.0,5.155968032998195,95.59301625526791
São Paulo,Chácara Nossa Senhora Aparecida,1,474,1.0,42.19409282700422,95.60505719446117
São Paulo,Jardim Alvorada,1,186,1.0,107.52688172043011,95.61709813365442
São Paulo,Daniel Ayala,3,1337,1.0,14.958863126402393,95.62913907284768
São Paulo,Jardim Aurora / Favela Rendzima,1,289,1.0,69.20415224913495,95.64118001204093
São Paulo,Estrada do Cangaíba,1,866,1.0,23.094688221709006,95.6532209512342
São Paulo,Luís Olivieri,1,206,1.0,97.08737864077669,95.66526189042746
São Paulo,Fulfaro,1,408,1.0,49.01960784313725,95.67730282962071
São Paulo,Jardim Bom Clima,2,1250,1.0,16.0,95.68934376881397
São Paulo,Lourenço,1,278,1.0,71.94244604316548,95.70138470800723
São Paulo,José Roberto Sales,1,157,1.0,127.38853503184713,95.71342564720048
São Paulo,Jardim Cambará I,1,284,1.0,70.42253521126761,95.72546658639374
São Paulo,Circular / Jardim Pedra Branca,1,391,1.0,51.15089514066496,95.73750752558699
São Paulo,Jardim das Palmas,1,534,1.0,37.453183520599254,95.74954846478025
São Paulo,Luiza Rosa,2,629,1.0,31.79650238473768,95.76158940397352
São Paulo,Jararaú II,1,155,1.0,129.03225806451613,95.77363034316677
São Paulo,Cidade de Deus,1,508,1.0,39.37007874015748,95.78567128236001
São Paulo,Jardim dos Lagos - Ipanema,1,254,1.0,78.74015748031496,95.79771222155328
São Paulo,Cidade Azul / Cidade Azul II,2,448,1.0,44.64285714285714,95.80975316074654
São Paulo,Maratis,2,360,1.0,55.55555555555556,95.8217940999398
São Paulo,Joaquim Leal,1,370,1.0,54.054054054054056,95.83383503913305
São Paulo,Chácara do Conde - Invasão,2,569,1.0,35.149384885764505,95.8458759783263
São Paulo,Ipojuca Lins de Araujo,2,339,1.0,58.99705014749262,95.85791691751957
São Paulo,Jardim de Paula,1,409,1.0,48.89975550122249,95.86995785671283
São Paulo,Itabira Pedra Branca,1,193,1.0,103.62694300518135,95.88199879590607
São Paulo,Joaquim da Costa Miranda,1,583,1.0,34.305317324185246,95.89403973509934
São Paulo,Guian Corruiras,2,521,1.0,38.38771593090211,95.9060806742926
São Paulo,Luiza Erundina,1,249,1.0,80.32128514056225,95.91812161348585
São Paulo,Goita,1,338,1.0,59.171597633136095,95.9301625526791
São Paulo,Itapiocaba,1,605,1.0,33.057851239669425,95.94220349187236
São Paulo,Jacinto Palhares,1,175,1.0,114.28571428571429,95.95424443106563
São Paulo,Gleba do Pêssego,1,485,1.0,41.23711340206186,95.96628537025887
São Paulo,João Gaspar I,1,277,1.0,72.20216606498195,95.97832630945213
São Paulo,Louis Caravaque,1,342,1.0,58.47953216374269,95.9903672486454
São Paulo,Chapena,1,246,1.0,81.30081300813008,96.00240818783865
São Paulo,Comunidade Pintadinho / Frei Muniz,1,686,1.0,29.154518950437318,96.01444912703191
São Paulo,Comunidade Sete de Setembro,1,409,1.0,48.89975550122249,96.02649006622516
São Paulo,Jardim Glória,1,613,1.0,32.62642740619902,96.03853100541842
São Paulo,Jardim Guacuri,3,1014,1.0,19.72386587771203,96.05057194461169
São Paulo,Jardim São Pedro,1,247,1.0,80.97165991902834,96.06261288380493
São Paulo,Jardim Helga,4,1980,1.0,10.1010101010101,96.07465382299819
São Paulo,Jardim São Nicolau,1,312,1.0,64.1025641025641,96.08669476219146
São Paulo,Favela do Palanque,1,223,1.0,89.68609865470852,96.09873570138471
São Paulo,Jardim Ideal II,1,921,1.0,21.71552660152009,96.11077664057797
São Paulo,Jardim São Luiz 2,1,509,1.0,39.29273084479371,96.12281757977122
São Paulo,Favela Araguary I e II (Muriçoca),3,1319,1.0,15.163002274450342,96.13485851896448
São Paulo,Jardim Imbuias,4,1480,1.0,13.513513513513514,96.14689945815773
São Paulo,Cantidio Sampaio,2,327,1.0,61.16207951070336,96.15894039735099
São Paulo,Jardim Imbuias II,1,259,1.0,77.22007722007721,96.17098133654424
São Paulo,Jurandir,1,372,1.0,53.763440860215056,96.1830222757375
São Paulo,Condomínio 3M / Clube de Pesca Santa Bárbara,1,343,1.0,58.309037900874635,96.19506321493077
São Paulo,Jardim Fraternidade II,1,179,1.0,111.73184357541899,96.20710415412402
São Paulo,João Peres Calhamares,1,882,1.0,22.67573696145125,96.21914509331728
São Paulo,Flores Tropicais,1,133,1.0,150.37593984962407,96.23118603251054
São Paulo,Comunidade Itajuíbe,2,1132,1.0,17.667844522968196,96.24322697170379
São Paulo,Jardim Universal I,2,786,1.0,25.44529262086514,96.25526791089705
São Paulo,Lote 18,3,1266,1.0,15.79778830963665,96.2673088500903
São Paulo,Jardim Ubirajara,2,678,1.0,29.49852507374631,96.27934978928356
São Paulo,João Gaspar II,1,263,1.0,76.04562737642586,96.29139072847683
São Paulo,Jardim Consórcio I e II,1,326,1.0,61.34969325153374,96.30343166767008
São Paulo,Felix Flamengo,1,103,1.0,194.17475728155338,96.31547260686334
São Paulo,Jardim Três Corações,1,161,1.0,124.22360248447205,96.3275135460566
São Paulo,Mandiocal III do Parque Regina,1,348,1.0,57.47126436781609,96.33955448524985
São Paulo,Jardim D´Abril I,2,1104,1.0,18.115942028985508,96.3515954244431
São Paulo,Jardim Educandário I,1,729,1.0,27.434842249657066,96.36363636363636
São Paulo,João Paulo I,1,507,1.0,39.44773175542406,96.37567730282962
São Paulo,Castelinho,1,583,1.0,34.305317324185246,96.38771824202288
São Paulo,Jardim Elian,1,459,1.0,43.57298474945534,96.39975918121614
São Paulo,Favelinha Jardim Jaraguá,2,933,1.0,21.436227224008572,96.4118001204094
São Paulo,Jardim Faria Lima,1,244,1.0,81.9672131147541,96.42384105960264
São Paulo,Chica Luiza II,4,1029,1.0,19.436345966958214,96.4358819987959
São Paulo,Jardim Rio D'Ouro,2,393,1.0,50.89058524173028,96.44792293798916
São Paulo,Bernardim Ribeiro,3,608,1.0,32.89473684210526,96.45996387718242
Guarulhos,Jardim Santa Bárbara,2,1030,1.0,19.417475728155342,96.47200481637567
Guarulhos,Jardim Hanna/Lavras,3,694,1.0,28.818443804034583,96.48404575556894
São Paulo,Santo Antônio II,1,206,1.0,97.08737864077669,96.4960866947622
Guarulhos,Jardim Normandia,1,357,1.0,56.02240896358543,96.50812763395545
São Paulo,Santa Terezinha II,1,278,1.0,71.94244604316548,96.5201685731487
Guarulhos,Jardim Palmira,1,812,1.0,24.63054187192118,96.53220951234196
Guarulhos,Jardim Ponte Alta III,5,2424,1.0,8.250825082508252,96.54425045153522
Guarulhos,Jardim Presidente Dutra II,4,1945,1.0,10.282776349614396,96.55629139072848
Guarulhos,Jardim Presidente Dutra IV,1,361,1.0,55.4016620498615,96.56833232992173
São Paulo,Santa Terezinha I,1,184,1.0,108.69565217391305,96.580373269115
Guarulhos,Jardim Santa Emília/Jardim Santa Inês,3,604,1.0,33.11258278145695,96.59241420830826
São Paulo,Saturnino Pereira,5,1451,1.0,13.783597518952446,96.6044551475015
Guarulhos,Jardim Santa Maria I,1,867,1.0,23.06805074971165,96.61649608669475
Guarulhos,Jardim Santa Paula,3,1756,1.0,11.389521640091116,96.62853702588802
Guarulhos,Jardim Santa Rita III/Taboão,1,721,1.0,27.739251040221912,96.64057796508128
Guarulhos,Jardim São João Batista,1,791,1.0,25.284450063211125,96.65261890427453
Guarulhos,Jardim das Nações I,2,770,1.0,25.974025974025974,96.66465984346779
Guarulhos,Jardim das Nações II,1,302,1.0,66.2251655629139,96.67670078266106
Guarulhos,Jardim dos Pimentas II,1,338,1.0,59.171597633136095,96.68874172185431
Guarulhos,Núcleo Vila Paraíso,1,413,1.0,48.426150121065376,96.70078266104755
Guarulhos,Parque Uirapuru,1,632,1.0,31.645569620253166,96.71282360024081
Guarulhos,Jardim Guaracy/Jacy,1,410,1.0,48.78048780487805,96.72486453943408
São Paulo,Seabra,3,855,1.0,23.391812865497077,96.73690547862734
São Paulo,Santa Fé II,1,347,1.0,57.636887608069166,96.74894641782059
São Paulo,São José IV,4,1400,1.0,14.285714285714286,96.76098735701385
Francisco Morato,Portal do Lago,1,376,1.0,53.19148936170213,96.77302829620712
Francisco Morato,Rua Arcílio Ferdezoni 2,1,386,1.0,51.81347150259067,96.78506923540036
Francisco Morato,Rua Joaquim Basílio,1,206,1.0,97.08737864077669,96.79711017459361
Francisco Morato,Rua Onze,1,332,1.0,60.24096385542169,96.80915111378687
Francisco Morato,Rua das Orquídeas,1,346,1.0,57.80346820809249,96.82119205298014
São Paulo,São Pedro,1,867,1.0,23.06805074971165,96.8332329921734
Francisco Morato,Viela Dois,2,813,1.0,24.600246002460022,96.84527393136665
Francisco Morato,Viela Seis,1,467,1.0,42.82655246252676,96.8573148705599
Francisco Morato,Viela Um,2,618,1.0,32.362459546925564,96.86935580975316
Franco da Rocha,Monte Verde I,1,149,1.0,134.22818791946307,96.88139674894641
Guarulhos,Jardim Arapongas,1,419,1.0,47.7326968973747,96.89343768813967
São Paulo,São José I,1,470,1.0,42.5531914893617,96.90547862733293
Franco da Rocha,Oroxó,1,535,1.0,37.38317757009346,96.9175195665262
Franco da Rocha,Parque Montreal,1,454,1.0,44.05286343612335,96.92956050571945
Guarulhos,Avenida da Estação,1,273,1.0,73.26007326007326,96.9416014449127
Guarulhos,Cidade Satélite (Rua Cecília Roizen),1,245,1.0,81.63265306122449,96.95364238410596
Guarulhos,Cidade Satélite (Ruas J. de Castilho/Santana Boa Vista),1,165,1.0,121.21212121212122,96.96568332329922
Guarulhos,Cidade Soberana/Canto da Vitória,2,1844,1.0,10.845986984815617,96.97772426249247
São Paulo,Serra de Botucatu,2,885,1.0,22.598870056497177,96.98976520168573
São Paulo,Serra Pelada,2,1330,1.0,15.037593984962406,97.00180614087898
Guarulhos,Recanto do Sol,1,572,1.0,34.96503496503497,97.01384708007225
São Paulo,Santa Fé,2,823,1.0,24.301336573511545,97.02588801926551
São Paulo,Presidente Jordanópolis,4,2192,1.0,9.124087591240876,97.03792895845876
Itaquaquecetuba,Rua Petrópolis,1,966,1.0,20.70393374741201,97.04996989765202
Itaquaquecetuba,Jardim São Gerônimo,3,973,1.0,20.554984583761563,97.06201083684527
Itaquaquecetuba,Jardim Tropical,1,952,1.0,21.008403361344538,97.07405177603853
Itaquaquecetuba,Jardim do Carmo,2,699,1.0,28.612303290414882,97.08609271523179
Itaquaquecetuba,Jardim do Vale,2,2295,1.0,8.714596949891067,97.09813365442504
Itaquaquecetuba,Marengo,3,2625,1.0,7.619047619047619,97.1101745936183
Itaquaquecetuba,Parque Califórnia,1,901,1.0,22.197558268590456,97.12221553281157
Itaquaquecetuba,Perobal/Jardim Califórnia,2,934,1.0,21.41327623126338,97.13425647200482
Itaquaquecetuba,Residencial Fortuna,1,485,1.0,41.23711340206186,97.14629741119806
São Paulo,Recanto Nova República I e II,1,502,1.0,39.8406374501992,97.15833835039133
São Paulo,Raul de Leoni Ramos,1,215,1.0,93.0232558139535,97.17037928958459
Itaquaquecetuba,Jardim Miray,2,917,1.0,21.810250817884405,97.18242022877784
São Paulo,Radar,1,576,1.0,34.72222222222222,97.1944611679711
Itaquaquecetuba,Unidos do Campo Limpo,2,417,1.0,47.961630695443645,97.20650210716435
Itaquaquecetuba,Vila Celeste,5,2529,1.0,7.908264136022143,97.21854304635762
Itaquaquecetuba,Vila Sarney,2,1002,1.0,19.96007984031936,97.23058398555088
São Paulo,Pullman III,1,420,1.0,47.61904761904762,97.24262492474412
Jandira,Da Rua Esperança,3,1844,1.0,10.845986984815617,97.25466586393739
Jandira,Nucleo Ana Tedesco,1,327,1.0,61.16207951070336,97.26670680313065
São Paulo,Promorar da Parada,1,482,1.0,41.49377593360996,97.2787477423239
Mairiporã,Buraco Quente do Fernão Dias,1,477,1.0,41.92872117400419,97.29078868151716
São Paulo,René Fernandes,1,145,1.0,137.9310344827586,97.30282962071041
Itaquaquecetuba,Jardim Maragogipe,2,1235,1.0,16.194331983805668,97.31487055990368
Guarulhos,Vila Itapoan I,1,1312,1.0,15.24390243902439,97.32691149909692
Itapevi,Jardim Cruzeiro / Alabama,2,1401,1.0,14.275517487508923,97.33895243829018
Guarulhos,Vila Nova Cumbica III,1,239,1.0,83.68200836820083,97.35099337748345
Guarulhos,Vila Paraíso II,1,265,1.0,75.47169811320754,97.3630343166767
São Paulo,Rua do Campo,1,196,1.0,102.04081632653062,97.37507525586996
São Paulo,Rua Rio Bahia,1,139,1.0,143.88489208633095,97.38711619506321
Itapecerica da Serra,Jardim Paulista,1,182,1.0,109.89010989010988,97.39915713425647
São Paulo,Bento Guelfi,4,1782,1.0,11.22334455667789,97.41119807344974
Itapecerica da Serra,Mirante da Lagoa,5,1851,1.0,10.804970286331713,97.42323901264298
São Paulo,Rua Maria Regina Marcondes Pinto,1,372,1.0,53.763440860215056,97.43527995183624
São Paulo,Rua Manuel Álvares Pimentel,1,277,1.0,72.20216606498195,97.4473208910295
Itapevi,Jardim Dona Elvira,1,660,1.0,30.303030303030305,97.45936183022276
São Paulo,Ribeirão dos Cochos,1,605,1.0,33.057851239669425,97.47140276941602
São Paulo,Rua Dourada,1,914,1.0,21.88183807439825,97.48344370860927
São Paulo,Rua Chuvas de Verão,4,672,1.0,29.761904761904766,97.49548464780253
São Paulo,Rua Anecy Rocha,3,1800,1.0,11.111111111111112,97.50752558699578
São Paulo,Rossi,1,367,1.0,54.495912806539515,97.51956652618904
Itaquaquecetuba,Avenida Pedro da Cunha Albuquerque Lopes,2,503,1.0,39.761431411530815,97.5316074653823
Itaquaquecetuba,Brilho da Lua,1,779,1.0,25.673940949935815,97.54364840457555
Itaquaquecetuba,Chácara Dona Escolástica/Jardim Paineira,2,1243,1.0,16.090104585679807,97.55568934376882
São Paulo,Rodeio,1,363,1.0,55.09641873278236,97.56773028296207
São Paulo,Riviera Paulista,7,3034,1.0,6.591957811470007,97.57977122215533
Francisco Morato,Marta Miller,1,541,1.0,36.96857670979667,97.59181216134859
Francisco Morato,Jardim Santo Antônio,2,785,1.0,25.477707006369425,97.60385310054184
Francisco Morato,Jardim Alegria,1,371,1.0,53.90835579514825,97.6158940397351
Carapicuíba,Viela Azul - Tibagi,2,785,1.0,25.477707006369425,97.62793497892835
Carapicuíba,Jardim Angela Maria,1,263,1.0,76.04562737642586,97.6399759181216
Carapicuíba,Jardim Hermínia II,1,204,1.0,98.0392156862745,97.65201685731488
Carapicuíba,Jardim dos Afonsos,2,1490,1.0,13.422818791946307,97.66405779650813
Carapicuíba,Rua Marli / Basílio,1,369,1.0,54.200542005420054,97.67609873570139
Carapicuíba,Rua Otaviano França,1,362,1.0,55.24861878453039,97.68813967489464
Carapicuíba,Rua Sarutaia,1,572,1.0,34.96503496503497,97.7001806140879
São Paulo,Vilar do Paraiso,2,822,1.0,24.330900243309003,97.71222155328115
Carapicuíba,Santa Terezinha,1,576,1.0,34.72222222222222,97.72426249247441
São Paulo,Vila do Sol,1,267,1.0,74.90636704119851,97.73630343166766
Carapicuíba,Vila Artem,1,377,1.0,53.05039787798408,97.74834437086093
Carapicuíba,Doutor Eliseu Guilherme,1,506,1.0,39.52569169960474,97.76038531005419
Carapicuíba,Vila Crett III,1,129,1.0,155.03875968992247,97.77242624924745
Carapicuíba,Vila Helemar,1,793,1.0,25.220680958385877,97.78446718844069
Cotia,Favela Nova Vida,3,897,1.0,22.296544035674472,97.79650812763396
São Paulo,Vila das Belezas,1,182,1.0,109.89010989010988,97.80854906682721
Cotia,Favela do Jardim Sandra,1,168,1.0,119.04761904761907,97.82059000602047
São Paulo,Vila da Comunidade,1,296,1.0,67.56756756756756,97.83263094521372
Cotia,Mandelinha,4,1302,1.0,15.360983102918587,97.84467188440699
Cotia,Parque Frondoso,1,329,1.0,60.79027355623101,97.85671282360025
São Paulo,Vila Zatt,1,328,1.0,60.97560975609756,97.8687537627935
Carapicuíba,Jardim Ana Stela,3,1186,1.0,16.863406408094434,97.88079470198674
São Paulo,Viva a Noite,1,710,1.0,28.169014084507044,97.89283564118001
Francisco Morato,Casa Grande,3,1361,1.0,14.695077149155033,97.90487658037327
Caieiras,Franco Camargo,1,262,1.0,76.33587786259542,97.91691751956652
Taboão da Serra,Parque São Joaquim - Leme - Jardim Sílvio Sampaio,4,1752,1.0,11.415525114155251,97.92895845875978
Barueri,Empreendimentos Elias,1,416,1.0,48.07692307692308,97.94099939795305
Taboão da Serra,Parque Pinheiros (Biquinha),1,907,1.0,22.050716648291072,97.9530403371463
Barueri,Nova Aurora,1,668,1.0,29.940119760479043,97.96508127633955
Taboão da Serra,Jardim São Judas II,3,630,1.0,31.746031746031747,97.9771222155328
Barueri,Rua José Ilhéus,1,428,1.0,46.728971962616825,97.98916315472607
Barueri,Viela Mississipi,2,821,1.0,24.3605359317905,98.00120409391933
Taboão da Serra,Jardim Suina,3,694,1.0,28.818443804034583,98.01324503311258
Taboão da Serra,Jardim Scandia,3,1162,1.0,17.211703958691913,98.02528597230584
Taboão da Serra,Jardim Saint Moritz,1,348,1.0,57.47126436781609,98.03732691149911
São Paulo,Volta Redonda,1,141,1.0,141.84397163120568,98.04936785069236
Caieiras,Ricardo Zerbinatti,1,272,1.0,73.52941176470588,98.0614087898856
Cajamar,Campos do Jordão,1,225,1.0,88.8888888888889,98.07344972907886
São Paulo,Água Podre,1,221,1.0,90.49773755656109,98.08549066827213
Carapicuíba,BMX,1,471,1.0,42.462845010615716,98.09753160746538
São Paulo,Zaki Narchi,1,505,1.0,39.603960396039604,98.10957254665864
Carapicuíba,Chácara Quiriri,1,991,1.0,20.181634712411707,98.1216134858519
São Paulo,Xavier de Magalhães,1,469,1.0,42.643923240938165,98.13365442504517
Carapicuíba,Comunidade Brasilia,2,583,1.0,34.305317324185246,98.1456953642384
São Paulo,Willian Kent,1,267,1.0,74.90636704119851,98.15773630343166
Cotia,Parque Rizzo,1,445,1.0,44.943820224719104,98.16977724262492
Diadema,Anequim/Frei Ambrósio,2,364,1.0,54.94505494505494,98.18181818181819
São Paulo,Vila Souza,1,320,1.0,62.5,98.19385912101144
São Paulo,Tirso Martins,2,598,1.0,33.4448160535117,98.2059000602047
Diadema,Vila Joaninha,2,2066,1.0,9.68054211035818,98.21794099939795
Diadema,Vila Nova I,2,1174,1.0,17.035775127768314,98.22998193859121
São Paulo,Vila Cisper Anísio de Abreu,2,953,1.0,20.98635886673662,98.24202287778446
São Paulo,Vale das Virtudes II,2,405,1.0,49.382716049382715,98.25406381697772
São Paulo,Vale Verde ou Monte Verde,2,1206,1.0,16.58374792703151,98.26610475617098
São Paulo,União da Ferrovia,1,312,1.0,64.1025641025641,98.27814569536424
São Paulo,Tufik Mereb,2,908,1.0,22.026431718061676,98.2901866345575
São Paulo,Tomé de Almeida Oliveira,2,673,1.0,29.717682020802375,98.30222757375076
São Paulo,Tomaz Sandrino,1,513,1.0,38.98635477582846,98.31426851294401
São Paulo,Tiro ao Pombo,2,794,1.0,25.188916876574307,98.32630945213727
Diadema,Arco-íris II,1,307,1.0,65.14657980456026,98.33835039133052
São Paulo,Tintas Wanda I / São Jorge II,3,1612,1.0,12.40694789081886,98.35039133052378
Ferraz de Vasconcelos,Jardim Debora,2,748,1.0,26.737967914438503,98.36243226971703
Ferraz de Vasconcelos,Jardim Freire,1,201,1.0,99.50248756218905,98.3744732089103
Ferraz de Vasconcelos,Jardim Malda,1,267,1.0,74.90636704119851,98.38651414810356
São Paulo,Teonilo de Souza,2,645,1.0,31.007751937984498,98.39855508729681
Ferraz de Vasconcelos,Jardim Yone,1,190,1.0,105.26315789473684,98.41059602649007
Ferraz de Vasconcelos,Vila Piauí,7,2714,1.0,7.369196757553427,98.42263696568332
Ferraz de Vasconcelos,Vila Santa Margarida,1,325,1.0,61.53846153846154,98.43467790487658
Francisco Morato,Avenida Salvador,2,874,1.0,22.883295194508012,98.44671884406984
Diadema,Vila Alice,2,1066,1.0,18.76172607879925,98.45875978326309
São Paulo,Vila Jaraguá,1,419,1.0,47.7326968973747,98.47080072245635
São Paulo,Vila Muna,1,607,1.0,32.948929159802304,98.48284166164962
Diadema,"Santa Maria V, VI e VIII",1,397,1.0,50.377833753148614,98.49488260084287
São Paulo,Vila Santa Zélia,1,578,1.0,34.602076124567475,98.50692354003611
São Paulo,Vila Santa Maria,1,281,1.0,71.17437722419929,98.51896447922938
Diadema,Chico Mendes,1,167,1.0,119.76047904191617,98.53100541842264
Diadema,Jardim ABC 1A,1,334,1.0,59.880239520958085,98.54304635761589
São Paulo,Vila Queiroz,3,1946,1.0,10.277492291880781,98.55508729680915
Diadema,Jardim Rey,2,269,1.0,74.34944237918215,98.5671282360024
Diadema,Macaúba,1,316,1.0,63.29113924050633,98.57916917519567
Diadema,Maria Tereza,1,522,1.0,38.31417624521073,98.59121011438893
Diadema,Melro / Albatroz / Colibri,1,346,1.0,57.80346820809249,98.60325105358217
Diadema,Naval,2,858,1.0,23.31002331002331,98.61529199277544
Diadema,Pablo Neruda / Beira Rio,1,381,1.0,52.493438320209975,98.6273329319687
Diadema,Paraopeba,1,318,1.0,62.893081761006286,98.63937387116195
Diadema,Parque Real,4,511,1.0,39.13894324853229,98.6514148103552
Diadema,Primavera,1,256,1.0,78.125,98.66345574954846
Diadema,Quito Pequim / Buenos Aires,1,181,1.0,110.49723756906079,98.67549668874173
São Paulo,Vila Nova Esperança,1,612,1.0,32.6797385620915,98.68753762793497
Diadema,Santa Cruz IV / Santa Cruz III,2,650,1.0,30.76923076923077,98.69957856712823
Diadema,Santa Cândida I,1,330,1.0,60.60606060606061,98.7116195063215
Diadema,Santa Helena,1,165,1.0,121.21212121212122,98.72366044551475
São Paulo,Professor Correia Brito,1,421,1.0,47.50593824228029,98.73570138470801
São Paulo,Rua Natal de Queiroz,1,426,1.0,46.948356807511736,98.74774232390126
São Paulo,Morro Doce IV - Faiçal Murad,4,1650,1.0,12.121212121212121,98.75978326309452
Osasco,São Pedro - VN,2,756,1.0,26.455026455026456,98.77182420228779
Osasco,Piratininga / Vila Constran,2,846,1.0,23.64066193853428,98.78386514148103
São Bernardo do Campo,Rua Goiânia,2,262,1.0,76.33587786259542,98.79590608067429
São Paulo,Parque Novo Santo Amaro III,2,623,1.0,32.102728731942214,98.80794701986756
São Bernardo do Campo,Rua Curitiba,1,454,1.0,44.05286343612335,98.81998795906081
São Paulo,Morro da USP,3,1492,1.0,13.404825737265417,98.83202889825407
São Paulo,Parque Maria Fernanda I e II,2,979,1.0,20.42900919305414,98.84406983744732
Osasco,Vila Menck - AV,3,2012,1.0,9.940357852882704,98.85611077664058
São Paulo,Nova Monsenhor Jerônimo Rodrigues,1,266,1.0,75.18796992481204,98.86815171583383
Osasco,Vila Menck - AY,2,718,1.0,27.85515320334262,98.88019265502709
São Paulo,Parque Fernanda I,4,1660,1.0,12.048192771084336,98.89223359422034
Pirapora do Bom Jesus,Jardim Bom Jesus,2,935,1.0,21.390374331550802,98.9042745334136
São Bernardo do Campo,Robertão/Vila Moraes,2,1554,1.0,12.87001287001287,98.91631547260687
Poá,Vila Varela,1,396,1.0,50.505050505050505,98.92835641180012
São Paulo,Morro do Macaco,2,632,1.0,31.645569620253166,98.94039735099338
São Bernardo do Campo,Rua Mato Grosso,1,254,1.0,78.74015748031496,98.95243829018663
São Paulo,Parque Planalto II,1,519,1.0,38.53564547206166,98.96447922937989
São Bernardo do Campo,Moreira Bernardes,1,495,1.0,40.4040404040404,98.97652016857315
Osasco,Jardim Elvira - BC1,1,393,1.0,50.89058524173028,98.9885611077664
São Paulo,Parque Santo Antônio V,1,256,1.0,78.125,99.00060204695966
Osasco,Helena Maria - D2/Munhoz Júnior,4,1542,1.0,12.970168612191959,99.01264298615293
São Paulo,Alegre,1,191,1.0,104.71204188481677,99.02468392534618
São Paulo,Parque Santo Antônio I,2,1142,1.0,17.513134851138354,99.03672486453944
Osasco,Jaguaribe - AZ,4,1265,1.0,15.810276679841898,99.04876580373269
São Paulo,Agreste de Itabaiana,2,411,1.0,48.661800486618006,99.06080674292595
São Paulo,Monte Taó,1,460,1.0,43.47826086956522,99.0728476821192
São Paulo,Morada do Verde,3,1053,1.0,18.99335232668566,99.08488862131246
Osasco,Jardim Elvira - CH2,1,493,1.0,40.56795131845842,99.09692956050571
São Bernardo do Campo,Vila Soares,1,364,1.0,54.94505494505494,99.10897049969898
São Bernardo do Campo,Vila Pelé,2,835,1.0,23.952095808383234,99.12101143889224
São Bernardo do Campo,Vila Mariana,2,911,1.0,21.95389681668496,99.1330523780855
São Paulo,Parque Rondon,1,472,1.0,42.3728813559322,99.14509331727874
Osasco,Munhoz JR - C1,3,687,1.0,29.11208151382824,99.157134256472
São Paulo,Morro do Piolho,2,575,1.0,34.78260869565218,99.16917519566526
São Paulo,Morumbizinho,1,906,1.0,22.075055187637968,99.18121613485852
São Paulo,Altos da Vila Prudente,2,378,1.0,52.91005291005291,99.19325707405177
Suzano,Vila Rica,1,346,1.0,57.80346820809249,99.20529801324504
Suzano,Vila do Sapo/Fazenda Viaduto,2,516,1.0,38.75968992248062,99.2173389524383
Santo André,"Jardim Irene III,IV e V",10,4603,1.0,4.344992396263306,99.22937989163154
São Paulo,Orvalheira II,1,571,1.0,35.02626970227671,99.2414208308248
Santo André,Jardim São Bernardo,2,692,1.0,28.901734104046245,99.25346177001806
Santo André,Lamartine CDHU,8,3368,1.0,5.938242280285036,99.26550270921132
Suzano,Vila São Pedro,1,120,1.0,166.66666666666669,99.27754364840457
São Paulo,Odassi Nazzali,2,1037,1.0,19.286403085824496,99.28958458759783
Santo André,Havana,1,341,1.0,58.651026392961874,99.3016255267911
Santo André,Ocupação Vila Guaraciaba,3,1377,1.0,14.524328249818446,99.31366646598435
São Paulo,Ocupação Imirim,1,231,1.0,86.58008658008659,99.3257074051776
São Paulo,Ocupação City Jaraguá,1,1619,1.0,12.353304508956144,99.33774834437085
Suzano,Vila Real Palmeiras,2,684,1.0,29.239766081871345,99.34978928356412
Suzano,Recreio Santa Maria,2,610,1.0,32.78688524590164,99.36183022275738
Santo André,Santa Cristina II,3,1553,1.0,12.878300064391501,99.37387116195063
São Bernardo do Campo,Casanova,1,1109,1.0,18.034265103697024,99.38591210114389
São Bernardo do Campo,Di Pinedo,1,376,1.0,53.19148936170213,99.39795304033716
São Bernardo do Campo,Lulaldo,1,1037,1.0,19.286403085824496,99.40999397953041
São Paulo,Muzambinho,3,548,1.0,36.496350364963504,99.42203491872365
Rio Grande da Serra,Vila Lopes e Vila Verde,5,2281,1.0,8.768084173608067,99.43407585791691
Santana de Parnaíba,Comunidade Viela da Mina,1,584,1.0,34.24657534246575,99.44611679711018
Santana de Parnaíba,Comunidade Várzea de Souza,1,505,1.0,39.603960396039604,99.45815773630343
São Bernardo do Campo,Jardim Uenoyama,1,305,1.0,65.57377049180327,99.47019867549669
Santo André,AABB / CDHU,2,817,1.0,24.479804161566708,99.48223961468995
Santo André,Bartolomeu Dias,1,287,1.0,69.68641114982579,99.49428055388321
São Bernardo do Campo,Jardim Serro Azul,2,1145,1.0,17.46724890829694,99.50632149307646
São Bernardo do Campo,Divinéia / Pantanal,6,3156,1.0,6.337135614702154,99.51836243226971
São Bernardo do Campo,Jardim Nossa Senhora de Fátima,1,383,1.0,52.21932114882507,99.53040337146297
Santo André,Bertioga,1,275,1.0,72.72727272727272,99.54244431065624
São Bernardo do Campo,Jardim Limpão,5,2538,1.0,7.880220646178094,99.55448524984949
Santo André,Caconde,1,180,1.0,111.11111111111111,99.56652618904275
São Paulo,Nagib I e II,2,613,1.0,32.62642740619902,99.578567128236
São Bernardo do Campo,Grotão,1,854,1.0,23.4192037470726,99.59060806742926
São Paulo,Parque Santo Antônio VII,1,259,1.0,77.22007722007721,99.60264900662251
Suzano,Jardim Luella,3,687,1.0,29.11208151382824,99.61468994581577
São Paulo,Pelourinho,3,1225,1.0,16.3265306122449,99.62673088500902
Mauá,Núcleo Rua Quinze de Novembro,1,285,1.0,70.17543859649122,99.6387718242023
Mauá,Núcleo José Carlos Feitosa/Argentina,1,136,1.0,147.05882352941177,99.65081276339555
Mauá,Canaã II,5,2284,1.0,8.756567425569177,99.6628537025888
São Paulo,Parque das Cerejeiras,1,583,1.0,34.305317324185246,99.67489464178206
Mauá,Viela Cincinato Lourenço Freire,1,961,1.0,20.81165452653486,99.68693558097532
São Paulo,Baixa Grande,1,506,1.0,39.52569169960474,99.69897652016857
São Paulo,Pavanas,1,161,1.0,124.22360248447205,99.71101745936183
São Paulo,Benedito Salgado Cambalacho,1,654,1.0,30.58103975535168,99.72305839855508
São Paulo,Maurício Adler / Jardim Maria Emília / José Aragão,1,551,1.0,36.297640653357526,99.73509933774835
São Paulo,Miguel Russiano,1,231,1.0,86.58008658008659,99.74714027694161
São Paulo,Martimperere,1,294,1.0,68.02721088435374,99.75918121613486
São Paulo,Ponte da Fonte São Bento,1,329,1.0,60.79027355623101,99.77122215532812
Mauá,Jardim Kennedy,3,1830,1.0,10.92896174863388,99.78326309452137
Mogi das Cruzes,Santo Ângelo,3,1177,1.0,16.99235344095157,99.79530403371463
Mauá,Núcleo Rua Paraguai,1,389,1.0,51.41388174807197,99.80734497290788
Mogi das Cruzes,Vila Barreiro,1,457,1.0,43.7636761487965,99.81938591210114
Mogi das Cruzes,Jardim Piata B,1,382,1.0,52.356020942408385,99.8314268512944
São Paulo,Angusto Gonzaga,1,914,1.0,21.88183807439825,99.84346779048767
Osasco,Adalgisa - Q,1,246,1.0,81.30081300813008,99.85550872968092
Mauá,IV Centenário,2,390,1.0,51.282051282051285,99.86754966887416
São Paulo,Bento Bicudo I e II,2,912,1.0,21.92982456140351,99.87959060806743
São Paulo,Mariana Luz de Jesus / Chácara Dourado,2,1559,1.0,12.82873636946761,99.89163154726069
São Paulo,Piolho / Piolho II,1,390,1.0,51.282051282051285,99.90367248645394
São Paulo,André da Cunha Fonseca,1,280,1.0,71.42857142857143,99.9157134256472
Osasco,Aliança - J,4,1504,1.0,13.297872340425533,99.92775436484045
São Paulo,Pedro Paulo Lagreca Neto,1,364,1.0,54.94505494505494,99.93979530403372
São Paulo,Maria Vera Lombardi Siqueira,1,295,1.0,67.79661016949153,99.95183624322698
Mauá,Vila Carlina,2,918,1.0,21.78649237472767,99.96387718242022
São Paulo,André Cavalcante,1,182,1.0,109.89010989010988,99.97591812161349
São Paulo,Maurice Denis,1,452,1.0,44.24778761061947,99.98795906080674
São Paulo,Maria Santana / Sítio da Casa Pintada,1,950,1.0,21.05263157894737,100.0
São Paulo,Vila Guaraciaba,1,741,0.0,0.0,100.0
São Paulo,Nova Brasília V,1,147,0.0,0.0,100.0
São Paulo,Marginal Dois,1,206,0.0,0.0,100.0
São Paulo,Maria Teresa Galdino,1,524,0.0,0.0,100.0
São Paulo,Vila Independência / Vila União,1,166,0.0,0.0,100.0
São Paulo,Vila Inglesa,1,224,0.0,0.0,100.0
São Paulo,Vila Liviero,2,495,0.0,0.0,100.0
São Paulo,Vila Léo,1,116,0.0,0.0,100.0
Taboão da Serra,Jardim São Judas I,1,413,0.0,0.0,100.0
São Paulo,Norberto Almandoz,1,334,0.0,0.0,100.0
São Paulo,Vila Nilo,2,1383,0.0,0.0,100.0
São Paulo,Vila Nova,1,338,0.0,0.0,100.0
São Paulo,Marcelo Bernardini,1,692,0.0,0.0,100.0
São Paulo,Mirandas I / Francisco Sales,1,618,0.0,0.0,100.0
São Paulo,Lucas Vegas,2,498,0.0,0.0,100.0
São Paulo,Vila Cristina,3,1356,0.0,0.0,100.0
São Paulo,Tolstói e União,1,351,0.0,0.0,100.0
São Paulo,Nova Imigrantes,1,487,0.0,0.0,100.0
São Paulo,Nova Guarapiranga II,1,401,0.0,0.0,100.0
São Paulo,Torres de Oliveira,1,162,0.0,0.0,100.0
São Paulo,Travessa Esperança,1,336,0.0,0.0,100.0
São Paulo,Travessa Igarapé Primavera,1,425,0.0,0.0,100.0
São Paulo,Tribo,1,307,0.0,0.0,100.0
São Paulo,Três Estrelas,1,146,0.0,0.0,100.0
Taboão da Serra,Parque Pinheiros - Palmares,1,767,0.0,0.0,100.0
São Paulo,Jardim São Paulo II,1,347,0.0,0.0,100.0
São Paulo,Nova Guarapiranga I,1,399,0.0,0.0,100.0
São Paulo,Luar do Sertão III,1,240,0.0,0.0,100.0
São Paulo,Vale das Virtudes I,2,1819,0.0,0.0,100.0
São Paulo,Maranhão I,1,545,0.0,0.0,100.0
São Paulo,Vale das Virtudes III,1,486,0.0,0.0,100.0
São Paulo,Valparaíso / Brasil Novo,3,1371,0.0,0.0,100.0
São Paulo,Viela Sabesp,1,139,0.0,0.0,100.0
São Paulo,Viela da Paz,1,309,0.0,0.0,100.0
Taboão da Serra,Parque Laguna,1,402,0.0,0.0,100.0
São Paulo,Vietnã,3,1419,0.0,0.0,100.0
São Paulo,Vila Bancária,1,525,0.0,0.0,100.0
São Paulo,Vila Caraguata,1,311,0.0,0.0,100.0
São Paulo,Vila Clara,1,698,0.0,0.0,100.0
São Paulo,Vila Bayer,1,156,0.0,0.0,100.0
São Paulo,Marilda,1,209,0.0,0.0,100.0
Taboão da Serra,Jardim Salete,2,904,0.0,0.0,100.0
São Paulo,Jardim São Januário,1,355,0.0,0.0,100.0
São Paulo,Vila Santo Estevão Reis,1,284,0.0,0.0,100.0
São Paulo,Jardim São Bernardo I,1,305,0.0,0.0,100.0
São Paulo,Willin,1,287,0.0,0.0,100.0
São Paulo,Menininha Lobo,1,184,0.0,0.0,100.0
São Paulo,Morro Doce V,1,550,0.0,0.0,100.0
São Paulo,Vila Sulina,1,554,0.0,0.0,100.0
São Paulo,Whitaker Machado,5,1003,0.0,0.0,100.0
São Paulo,Morato de Oliveira,1,628,0.0,0.0,100.0
São Paulo,Miguel Arcanjo,1,294,0.0,0.0,100.0
São Paulo,Jardim Shangrilá III,1,299,0.0,0.0,100.0
São Paulo,Jardim Sidney,1,330,0.0,0.0,100.0
São Paulo,Jardim Silva,1,193,0.0,0.0,100.0
São Paulo,Mandrágoras,1,265,0.0,0.0,100.0
São Paulo,Vila da Paz,1,238,0.0,0.0,100.0
São Paulo,Vila do Sapo I,1,669,0.0,0.0,100.0
São Paulo,Monforte de Lemos,2,1133,0.0,0.0,100.0
São Paulo,Vitoria Regia,1,337,0.0,0.0,100.0
São Paulo,Manoel Homem de Andrade I,1,297,0.0,0.0,100.0
São Paulo,Manoel Aquilino dos Santos II,1,194,0.0,0.0,100.0
São Paulo,Manguari,8,2757,0.0,0.0,100.0
São Paulo,Mirandas II,1,771,0.0,0.0,100.0
São Paulo,Manoel Alves Mesquita,1,162,0.0,0.0,100.0
São Paulo,Mikail,1,279,0.0,0.0,100.0
São Paulo,Vila Santista,1,642,0.0,0.0,100.0
São Paulo,Mendonça Arraes,2,653,0.0,0.0,100.0
São Paulo,Morro das Pedras,1,180,0.0,0.0,100.0
Taboão da Serra,Arraial Paulista,1,595,0.0,0.0,100.0
São Paulo,Jardim Santa Fé,1,125,0.0,0.0,100.0
São Paulo,Manuel Antônio Portella,1,999,0.0,0.0,100.0
São Paulo,Maria Ângela,1,677,0.0,0.0,100.0
Taboão da Serra,Jardim Mirna,1,204,0.0,0.0,100.0
São Paulo,Mimosa,1,225,0.0,0.0,100.0
Taboão da Serra,Jardim Guaciara - Pirajussara,1,641,0.0,0.0,100.0
São Paulo,Jardim São Francisco de Assis,1,193,0.0,0.0,100.0
Taboão da Serra,Caixa D’Água,1,472,0.0,0.0,100.0
São Paulo,Vila Nova Galvão I,1,224,0.0,0.0,100.0
São Paulo,Vila Nova Galvão II,1,159,0.0,0.0,100.0
São Paulo,Jardim Santa Lúcia,1,372,0.0,0.0,100.0
São Paulo,Mansões,1,532,0.0,0.0,100.0
São Paulo,Vila Pedreira,1,297,0.0,0.0,100.0
São Paulo,Vila Praia,1,579,0.0,0.0,100.0
São Paulo,Índio Peri,2,1131,0.0,0.0,100.0
São Paulo,Ângelo Gimenez,1,172,0.0,0.0,100.0
São Paulo,Árvore de São Tomás,1,362,0.0,0.0,100.0
São Paulo,Área Remanescente Guarani I,1,460,0.0,0.0,100.0
São Paulo,Zoião,1,330,0.0,0.0,100.0
São Paulo,Mandiocal II do Parque Regina,1,235,0.0,0.0,100.0
São Paulo,Vila Saloá,1,611,0.0,0.0,100.0
São Paulo,Mauro II,1,385,0.0,0.0,100.0
São Paulo,Porto Seguro II,1,507,0.0,0.0,100.0
São Paulo,Olaria Pedra Branca,1,428,0.0,0.0,100.0
São Paulo,Nova V,1,979,0.0,0.0,100.0
São Paulo,Parque São Rafael,2,222,0.0,0.0,100.0
São Paulo,Rua Mato Grosso,1,257,0.0,0.0,100.0
São Paulo,Rua Maria Trevisane,1,696,0.0,0.0,100.0
São Paulo,Parque São José VII / Três Cânticos,2,558,0.0,0.0,100.0
São Paulo,Rua Luís Mateus,1,745,0.0,0.0,100.0
São Paulo,Rua Iguaçu,1,343,0.0,0.0,100.0
São Paulo,Rua Go Sugaya,1,117,0.0,0.0,100.0
São Paulo,Rua Chubei Takagashi / Gitirana,1,408,0.0,0.0,100.0
São Paulo,Parque Sumaré,1,700,0.0,0.0,100.0
São Paulo,Rua Barão Carvalho do Amparo,2,677,0.0,0.0,100.0
São Paulo,Rua Augustin Luberti,1,123,0.0,0.0,100.0
São Paulo,Jonas Barbosa Filho,1,206,0.0,0.0,100.0
São Paulo,Rua Antônio Pavão,1,236,0.0,0.0,100.0
São Paulo,Rua Antonio Sergio de Matos,1,1223,0.0,0.0,100.0
São Paulo,Rossini Pinto,1,137,0.0,0.0,100.0
São Paulo,Rua Moreira Neto,1,213,0.0,0.0,100.0
São Paulo,Rua Morro do Frade,1,436,0.0,0.0,100.0
São Paulo,Tibiriçá,1,170,0.0,0.0,100.0
São Paulo,Samuel Cooper,2,259,0.0,0.0,100.0
São Paulo,Santa Margarida I e II,2,394,0.0,0.0,100.0
São Paulo,Parque Residencial Cantareira,2,2149,0.0,0.0,100.0
São Paulo,Parque Santa Amélia,2,465,0.0,0.0,100.0
São Paulo,Santa Etelvina III,2,451,0.0,0.0,100.0
São Paulo,Jardim do Lago I,1,426,0.0,0.0,100.0
São Paulo,Santa Amélia,1,350,0.0,0.0,100.0
São Paulo,Rufino Fernandes Ivivari,1,739,0.0,0.0,100.0
São Paulo,Rua São Cleto,1,204,0.0,0.0,100.0
São Paulo,Rua do Roseiral,1,292,0.0,0.0,100.0
São Paulo,Rua do Mestre,1,255,0.0,0.0,100.0
São Paulo,Jardim dos Prados,1,172,0.0,0.0,100.0
São Paulo,Rua Zituo Karasawa,1,275,0.0,0.0,100.0
São Paulo,Rua Tarde de Brisa,1,488,0.0,0.0,100.0
São Paulo,Rua Taijacica,1,141,0.0,0.0,100.0
São Paulo,Parque das Cerejeiras II,1,280,0.0,0.0,100.0
São Paulo,José Crispim,1,205,0.0,0.0,100.0
São Paulo,José Higino Neves,1,331,0.0,0.0,100.0
São Paulo,João Manoel Vaz,1,374,0.0,0.0,100.0
São Paulo,João Galdino Coelho,1,235,0.0,0.0,100.0
São Paulo,Recanto da Alegria,1,371,0.0,0.0,100.0
São Paulo,Peniel da Paz,1,399,0.0,0.0,100.0
São Paulo,Recanto Nova República IV,2,378,0.0,0.0,100.0
São Paulo,Recanto Campo Belo I,1,223,0.0,0.0,100.0
São Paulo,Raposo Tavares,2,1229,0.0,0.0,100.0
São Paulo,Piscinão Aricanduva II,1,380,0.0,0.0,100.0
São Paulo,Kagohara III,3,1202,0.0,0.0,100.0
São Paulo,Ponta da Praia,2,910,0.0,0.0,100.0
São Paulo,Ponto Seguro II,1,105,0.0,0.0,100.0
São Paulo,Professor Hemogenes de Freitas Leitão Filho,1,490,0.0,0.0,100.0
São Paulo,Jules Massenet,1,166,0.0,0.0,100.0
São Paulo,Porto Seguro,2,1025,0.0,0.0,100.0
São Paulo,Porto Seguro (Vila Campestre),1,115,0.0,0.0,100.0
São Paulo,Recanto da Moeda,1,209,0.0,0.0,100.0
São Paulo,Recanto do Céu,1,294,0.0,0.0,100.0
São Paulo,Pedro Alba,1,307,0.0,0.0,100.0
São Paulo,Recanto dos Girassóis / Vila Malvina,1,189,0.0,0.0,100.0
São Paulo,João Aires,1,477,0.0,0.0,100.0
São Paulo,Pedreira I,1,474,0.0,0.0,100.0
São Paulo,José dos Santos Junior,1,107,0.0,0.0,100.0
São Paulo,Paulo Fontelli,1,161,0.0,0.0,100.0
São Paulo,Renato Locchi,2,816,0.0,0.0,100.0
São Paulo,Kagohara II,1,137,0.0,0.0,100.0
São Paulo,Paulistas,1,135,0.0,0.0,100.0
São Paulo,José Pedro de Borba,1,610,0.0,0.0,100.0
São Paulo,Residencial Costa Branca,6,1165,0.0,0.0,100.0
São Paulo,Pau Queimado,1,885,0.0,0.0,100.0
São Paulo,Passagem III,1,209,0.0,0.0,100.0
São Paulo,Passagem II,1,305,0.0,0.0,100.0
São Paulo,Parque do Gato,1,624,0.0,0.0,100.0
São Paulo,Parque Otero II,1,233,0.0,0.0,100.0
São Paulo,Jardim das Vertentes,1,619,0.0,0.0,100.0
São Paulo,"Santa Margarida IV, V e VI",1,155,0.0,0.0,100.0
São Paulo,Lorenzo Cattani,1,236,0.0,0.0,100.0
São Paulo,Sítio Eldorado V,1,660,0.0,0.0,100.0
São Paulo,Sítio Eldorado - Invasão da Areia,1,232,0.0,0.0,100.0
São Paulo,Praia,1,269,0.0,0.0,100.0
São Paulo,Oliveira Martins,1,398,0.0,0.0,100.0
São Paulo,Olímpio Rodrigues de Araújo,1,633,0.0,0.0,100.0
São Paulo,Orquídeas / Parque Primavera,1,645,0.0,0.0,100.0
São Paulo,Jardim Umuarama,2,1486,0.0,0.0,100.0
São Paulo,Padre Leão Peruche,1,224,0.0,0.0,100.0
São Paulo,São Roque,2,604,0.0,0.0,100.0
São Paulo,Jardim Universal II,2,385,0.0,0.0,100.0
São Paulo,Jardim Universal III,1,421,0.0,0.0,100.0
São Paulo,São João da Boa Vista II,1,253,0.0,0.0,100.0
São Paulo,São João da Boa Vista I,2,290,0.0,0.0,100.0
São Paulo,São João Batista,1,229,0.0,0.0,100.0
São Paulo,Sítio Formiga,1,364,0.0,0.0,100.0
São Paulo,Ocupação Hospital Municipal,1,295,0.0,0.0,100.0
São Paulo,Jardim Tomás I,1,377,0.0,0.0,100.0
São Paulo,Ocupação Domínio Jacu-Pêssego,2,961,0.0,0.0,100.0
São Paulo,Taipas,1,497,0.0,0.0,100.0
São Paulo,Núcleo Popular Santos Dias da Silva,1,541,0.0,0.0,100.0
São Paulo,Tapuia,1,271,0.0,0.0,100.0
São Paulo,Núcleo Engordador,1,334,0.0,0.0,100.0
São Paulo,Jardim Taipas,1,621,0.0,0.0,100.0
São Paulo,Teixeira,1,186,0.0,0.0,100.0
São Paulo,Telecentro,1,256,0.0,0.0,100.0
São Paulo,Teodoro Cocher II,1,395,0.0,0.0,100.0
São Paulo,Novo São Norberto,5,951,0.0,0.0,100.0
São Paulo,Nove de Julho,2,848,0.0,0.0,100.0
São Paulo,Nova Vitória Guiomar,1,430,0.0,0.0,100.0
São Paulo,Terceira divisão,1,307,0.0,0.0,100.0
São Paulo,Thomas Pompeu I,1,366,0.0,0.0,100.0
São Paulo,Pacheco Chaves,1,291,0.0,0.0,100.0
São Paulo,Pangaua,1,253,0.0,0.0,100.0
São Paulo,Parque Novo Santo Amaro V / Luz Soriano,1,651,0.0,0.0,100.0
São Paulo,Jardim das Flores / Taunay,1,113,0.0,0.0,100.0
São Paulo,Parque Central,1,228,0.0,0.0,100.0
São Paulo,Jardim Yara,1,345,0.0,0.0,100.0
São Paulo,Parque Cocaia II,1,125,0.0,0.0,100.0
São Paulo,Parque Cocaia VII,2,533,0.0,0.0,100.0
São Paulo,Parque Europa III,1,338,0.0,0.0,100.0
São Paulo,Jardim Rosa Maria I e III,1,119,0.0,0.0,100.0
São Paulo,Parque Novo Santo Amaro I e II,2,1040,0.0,0.0,100.0
São Paulo,Papagaios,1,265,0.0,0.0,100.0
São Paulo,Santa Tereza III,1,100,0.0,0.0,100.0
São Paulo,Santa Tereza I,1,221,0.0,0.0,100.0
São Paulo,Santa Rosa,2,518,0.0,0.0,100.0
São Paulo,Jardim das Pedras,1,137,0.0,0.0,100.0
São Paulo,Santa Rita I / Amaro Alves do Rosário,1,414,0.0,0.0,100.0
São Paulo,Santa Rita,1,277,0.0,0.0,100.0
São Paulo,Santo Estevan,2,361,0.0,0.0,100.0
São Paulo,Jardim Walquíria II,1,175,0.0,0.0,100.0
São Paulo,Parque Anhanguera / Antônio da Costa Magueta,3,1212,0.0,0.0,100.0
São Paulo,Santo Stefano I,1,265,0.0,0.0,100.0
São Paulo,Parque Aloysio / Parque São Luís,1,273,0.0,0.0,100.0
São Paulo,Sebastião Advincola da Cunha,1,307,0.0,0.0,100.0
São Paulo,Seringueira,2,359,0.0,0.0,100.0
São Paulo,Sertanistas,1,418,0.0,0.0,100.0
São Paulo,Sete Praias I,1,977,0.0,0.0,100.0
São Paulo,Sete Praias III,1,445,0.0,0.0,100.0
São Paulo,Sete de Abril,1,408,0.0,0.0,100.0
São Paulo,Paranapanema I,1,456,0.0,0.0,100.0
São Paulo,Severino Nunes Costa,1,551,0.0,0.0,100.0
São Paulo,Paraguai,1,227,0.0,0.0,100.0
São Paulo,São Carlos Alojamento Ocupação,1,627,0.0,0.0,100.0
São Paulo,São José,1,381,0.0,0.0,100.0
São Paulo,São José / Jardim Pinheiros,1,583,0.0,0.0,100.0
São Paulo,Parque Figueira Grande IV,2,586,0.0,0.0,100.0
Arujá,Antiga Tecnon,1,445,0.0,0.0,100.0
São Paulo,Jardim Romano,3,1231,0.0,0.0,100.0
Guarulhos,Jardim América,1,131,0.0,0.0,100.0
Guarulhos,Jardim Jade,1,260,0.0,0.0,100.0
Guarulhos,Jardim Irene,1,204,0.0,0.0,100.0
Guarulhos,Jardim Fátima,2,726,0.0,0.0,100.0
Guarulhos,Jardim Diogo,1,250,0.0,0.0,100.0
Guarulhos,Jardim Cumbica I,1,664,0.0,0.0,100.0
Guarulhos,Jardim Canaã / Água Chata,1,1123,0.0,0.0,100.0
Guarulhos,Jardim Brasil II,1,746,0.0,0.0,100.0
Guarulhos,Jardim Brasil I,1,339,0.0,0.0,100.0
Guarulhos,Jardim Ansalca/Parque Jurema,2,759,0.0,0.0,100.0
Guarulhos,Jardim Alvorada - Jardim Monte Carmelo,1,571,0.0,0.0,100.0
Guarulhos,Cidade Parque Industrial Cumbica,1,422,0.0,0.0,100.0
Guarulhos,Jardim Albertina,1,224,0.0,0.0,100.0
Guarulhos,Jardim Acácio,1,301,0.0,0.0,100.0
Guarulhos,Granja Eliana,1,290,0.0,0.0,100.0
Guarulhos,Estrada do Taboão,2,426,0.0,0.0,100.0
Guarulhos,Estrada da Parteira,1,476,0.0,0.0,100.0
Guarulhos,Esplanada das Bandeiras/Vila Saiago,1,624,0.0,0.0,100.0
Guarulhos,Cocaia,2,399,0.0,0.0,100.0
Guarulhos,Cidade Soberana/Jardim IV Centenário,2,1091,0.0,0.0,100.0
Guarulhos,Cidade Satélite - Avenida Guinle,2,1689,0.0,0.0,100.0
Guarulhos,Jardim Las Vegas,1,333,0.0,0.0,100.0
Guarulhos,Jardim Leblon,1,318,0.0,0.0,100.0
Guarulhos,Jardim Maria Dirce,1,170,0.0,0.0,100.0
Guarulhos,Jardim Normandia II,1,274,0.0,0.0,100.0
Guarulhos,Rua Antônio Bitencourt,1,280,0.0,0.0,100.0
Guarulhos,Rocinha/Jardim Fortaleza,1,986,0.0,0.0,100.0
Guarulhos,Parque Primavera II,1,174,0.0,0.0,100.0
Guarulhos,Parque Mikail II,1,350,0.0,0.0,100.0
Guarulhos,Parque Maria Helena,2,1592,0.0,0.0,100.0
Guarulhos,Olaria,1,102,0.0,0.0,100.0
Guarulhos,Ocupação Nova Vitória,2,662,0.0,0.0,100.0
Guarulhos,Núcleo Jardim Centenário,1,494,0.0,0.0,100.0
Guarulhos,Jardim dos Pimentas I,1,114,0.0,0.0,100.0
Guarulhos,Jardim Vila Rica,1,368,0.0,0.0,100.0
Guarulhos,Jardim Valéria,1,256,0.0,0.0,100.0
Guarulhos,Jardim Testai,1,124,0.0,0.0,100.0
Guarulhos,Jardim São Manoel,1,770,0.0,0.0,100.0
Guarulhos,Jardim São João,1,289,0.0,0.0,100.0
Guarulhos,Jardim São Francisco,2,790,0.0,0.0,100.0
Guarulhos,Jardim São Domingos,1,247,0.0,0.0,100.0
Guarulhos,Jardim Scyntila,1,520,0.0,0.0,100.0
Guarulhos,Jardim Santa Rita I,1,583,0.0,0.0,100.0
Guarulhos,Jardim Sandra,1,869,0.0,0.0,100.0
Guarulhos,Cidade Satélite (Rua Rondinha - Mariano Novo),1,610,0.0,0.0,100.0
Guarulhos,Cidade Parque Alvorada III,1,213,0.0,0.0,100.0
São Paulo,Jardim Ramalho,1,118,0.0,0.0,100.0
Francisco Morato,Jardim Elba,1,179,0.0,0.0,100.0
Francisco Morato,Rua Moratão,1,164,0.0,0.0,100.0
Francisco Morato,Rua Dezesseis,1,321,0.0,0.0,100.0
Francisco Morato,Recanto Regina,3,781,0.0,0.0,100.0
Francisco Morato,Parque Águas Vermelhas,1,192,0.0,0.0,100.0
Francisco Morato,Jardim Vassouras,2,831,0.0,0.0,100.0
Francisco Morato,Jardim São João,1,609,0.0,0.0,100.0
Francisco Morato,Jardim Rosa,2,457,0.0,0.0,100.0
Francisco Morato,Jardim Olga,1,418,0.0,0.0,100.0
Francisco Morato,Jardim Nova Belém,1,340,0.0,0.0,100.0
Francisco Morato,Jardim Arpoador,2,420,0.0,0.0,100.0
Guarulhos,Cidade Parque Alvorada,2,960,0.0,0.0,100.0
Francisco Morato,Jacob Kutner,2,873,0.0,0.0,100.0
Francisco Morato,Campo Hungareza,1,669,0.0,0.0,100.0
Ferraz de Vasconcelos,Vila dos Bancários,1,124,0.0,0.0,100.0
Ferraz de Vasconcelos,Vila Santo Antonio,1,296,0.0,0.0,100.0
Ferraz de Vasconcelos,Vila Alayde,2,308,0.0,0.0,100.0
Ferraz de Vasconcelos,Sítio Paiolzinho,1,516,0.0,0.0,100.0
Ferraz de Vasconcelos,Morro da Baiana,1,141,0.0,0.0,100.0
Ferraz de Vasconcelos,João Canzi,1,262,0.0,0.0,100.0
Ferraz de Vasconcelos,Jardim Vista Verde,3,1426,0.0,0.0,100.0
Francisco Morato,Rua Nove de Julho,1,460,0.0,0.0,100.0
Francisco Morato,Rua Quinze,1,353,0.0,0.0,100.0
Francisco Morato,Rua Trinta e Um,1,501,0.0,0.0,100.0
Francisco Morato,Travessa dos Meninos,2,774,0.0,0.0,100.0
Guarulhos,Cidade Jardim Cumbica I,1,853,0.0,0.0,100.0
Guarulhos,Chácaras Cabuçu/Vila Julieta,1,440,0.0,0.0,100.0
Guarulhos,Avenida Antônio Toze,1,311,0.0,0.0,100.0
Franco da Rocha,Tibério,1,193,0.0,0.0,100.0
Franco da Rocha,Tibagi,1,173,0.0,0.0,100.0
Franco da Rocha,Tapera / Laudelino,1,511,0.0,0.0,100.0
Franco da Rocha,São Carlos,2,563,0.0,0.0,100.0
Franco da Rocha,Serrana,2,462,0.0,0.0,100.0
Franco da Rocha,Rua das Margaridas,2,352,0.0,0.0,100.0
Franco da Rocha,Reis,1,220,0.0,0.0,100.0
Franco da Rocha,Parque,2,412,0.0,0.0,100.0
Franco da Rocha,Munhoz,1,185,0.0,0.0,100.0
Franco da Rocha,Milton José,1,235,0.0,0.0,100.0
Franco da Rocha,Luiz Coutinho,1,116,0.0,0.0,100.0
Franco da Rocha,José Luiz,1,311,0.0,0.0,100.0
Franco da Rocha,Jardim Progresso,1,228,0.0,0.0,100.0
Franco da Rocha,Jaci,1,126,0.0,0.0,100.0
Franco da Rocha,Bahia,1,248,0.0,0.0,100.0
Francisco Morato,Unidos dos Palmares,2,381,0.0,0.0,100.0
Guarulhos,Sítio Moinho Bonsucesso,1,284,0.0,0.0,100.0
Guarulhos,Sítio dos Britos,1,338,0.0,0.0,100.0
Guarulhos,Viela Furp,1,477,0.0,0.0,100.0
Itaquaquecetuba,Jardim Rio Negro,1,409,0.0,0.0,100.0
Itaquaquecetuba,Pequeno Coração II,1,794,0.0,0.0,100.0
Itaquaquecetuba,Pequeno Coração I,3,1096,0.0,0.0,100.0
Itaquaquecetuba,Parque Viviane,5,3592,0.0,0.0,100.0
Itaquaquecetuba,Parque Piratininga II,2,835,0.0,0.0,100.0
Itaquaquecetuba,Parque Piratininga,1,751,0.0,0.0,100.0
Itaquaquecetuba,Núcleo Souza Campos,1,417,0.0,0.0,100.0
Itaquaquecetuba,Morro Branco,1,828,0.0,0.0,100.0
Itaquaquecetuba,Marengo Baixo,2,1546,0.0,0.0,100.0
Itaquaquecetuba,José Sgobin,1,977,0.0,0.0,100.0
Itaquaquecetuba,Jardim Pinheirinho,1,357,0.0,0.0,100.0
Guarulhos,Viela Labamba,1,358,0.0,0.0,100.0
Itaquaquecetuba,Jardim Odete,2,819,0.0,0.0,100.0
Itaquaquecetuba,Jardim Mônica,1,205,0.0,0.0,100.0
Itaquaquecetuba,Jardim Itapuã,1,394,0.0,0.0,100.0
Itaquaquecetuba,Jardim Ipê,1,266,0.0,0.0,100.0
Itaquaquecetuba,Jardim Cláudia,1,289,0.0,0.0,100.0
Itaquaquecetuba,Jardim Canaã ou Morada Feliz,2,2114,0.0,0.0,100.0
Itaquaquecetuba,Jardim Americano,2,812,0.0,0.0,100.0
Itaquaquecetuba,Estrada da Promissão,1,766,0.0,0.0,100.0
Itaquaquecetuba,Cidade Nova Louzada,3,2371,0.0,0.0,100.0
Itaquaquecetuba,Residencial Pamela,2,660,0.0,0.0,100.0
Itaquaquecetuba,Rio Abaixo/Parque Piratininga II,2,2184,0.0,0.0,100.0
Itaquaquecetuba,Rua Dalva de Oliveira,1,374,0.0,0.0,100.0
Itaquaquecetuba,Rua Guaratuba,1,475,0.0,0.0,100.0
Mairiporã,Marcelino Marcondes,1,165,0.0,0.0,100.0
Mairiporã,Laurindo Felix / Paineiras,1,123,0.0,0.0,100.0
Mairiporã,Jardim Lucia 3,1,205,0.0,0.0,100.0
Jandira,Rua José Bonifácio,1,430,0.0,0.0,100.0
Jandira,Núcleo XV de Novembro - Duque de Caxias,2,1210,0.0,0.0,100.0
Jandira,Núcleo Viela Crescêncio Pereira,1,235,0.0,0.0,100.0
Jandira,Nucleo Viela Santo Andre,1,236,0.0,0.0,100.0
Jandira,Nucleo Ipanema,1,132,0.0,0.0,100.0
Jandira,Nucleo Das Cerejas,1,560,0.0,0.0,100.0
Itaquaquecetuba,Walter da Silva Costa,1,1275,0.0,0.0,100.0
Itaquaquecetuba,Vila Augusta,1,489,0.0,0.0,100.0
Itaquaquecetuba,Travessa Santa Mônica,1,150,0.0,0.0,100.0
Itaquaquecetuba,Terra Prometida,5,4571,0.0,0.0,100.0
Itaquaquecetuba,Sítio São Francisco,1,184,0.0,0.0,100.0
Itaquaquecetuba,Sistema de Recreio 9 - Parque Piratininga,1,953,0.0,0.0,100.0
Itaquaquecetuba,Sistema de Recreio 8 - Parque Piratininga,1,306,0.0,0.0,100.0
Itaquaquecetuba,Santo Ângelo,1,740,0.0,0.0,100.0
Itaquaquecetuba,Rua das Macieiras,1,512,0.0,0.0,100.0
Itaquaquecetuba,Rua Orlando Momento,2,583,0.0,0.0,100.0
Itaquaquecetuba,Chácara Coqueiros,3,3387,0.0,0.0,100.0
Itaquaquecetuba,Carmo Lanzetta,1,331,0.0,0.0,100.0
Itaquaquecetuba,Biquinha,1,914,0.0,0.0,100.0
Itapecerica da Serra,Jardim do Carmo,5,2510,0.0,0.0,100.0
Itapecerica da Serra,Jardim São Pedro,1,468,0.0,0.0,100.0
Itapecerica da Serra,Jardim Idemori,1,166,0.0,0.0,100.0
Itapecerica da Serra,"Jardim Cinira I, II e III",1,454,0.0,0.0,100.0
Itapecerica da Serra,Chácara Santa Maria,1,219,0.0,0.0,100.0
Itapecerica da Serra,Branca Flor,1,1414,0.0,0.0,100.0
Guarulhos,Água Chata,1,1020,0.0,0.0,100.0
Guarulhos,Água Azul III,1,226,0.0,0.0,100.0
Guarulhos,Água Azul II,1,119,0.0,0.0,100.0
Guarulhos,Vila Rio de Janeiro/Morro do Amor,1,493,0.0,0.0,100.0
Guarulhos,Vila Nova Cumbica II,1,326,0.0,0.0,100.0
Guarulhos,Vila Nova Bonsucesso IV,1,203,0.0,0.0,100.0
Guarulhos,Vila Nova Bonsucesso III,2,368,0.0,0.0,100.0
Guarulhos,Vila Nova Bonsucesso I,1,455,0.0,0.0,100.0
Guarulhos,Vila Laurita,1,232,0.0,0.0,100.0
Guarulhos,Vila Itapoan II,1,186,0.0,0.0,100.0
Guarulhos,Vila Guilhermino,1,477,0.0,0.0,100.0
Guarulhos,Vila Flora,2,561,0.0,0.0,100.0
Guarulhos,Vila Carmela II,1,741,0.0,0.0,100.0
Guarulhos,Vila Cambará,1,217,0.0,0.0,100.0
Itapecerica da Serra,Jardim Vergada,1,143,0.0,0.0,100.0
Itapecerica da Serra,Ocupação Luiz Fernando Monteiro,1,124,0.0,0.0,100.0
Itaquaquecetuba,Av. Industrial Segunda,1,233,0.0,0.0,100.0
Itapecerica da Serra,Parque São Lourenço,1,209,0.0,0.0,100.0
Itapevi,Vilinha/Recanto Paulistano,2,1659,0.0,0.0,100.0
Itapevi,Vila Santa Rita,2,941,0.0,0.0,100.0
Itapevi,Santo Américo,1,407,0.0,0.0,100.0
Itapevi,Rua das Flores,1,150,0.0,0.0,100.0
Itapevi,Parque Suburbano,2,349,0.0,0.0,100.0
Itapevi,Jardim São Luiz,1,372,0.0,0.0,100.0
Itapevi,Jardim São Carlos II,1,407,0.0,0.0,100.0
Itapevi,Jardim São Carlos,1,537,0.0,0.0,100.0
Itapevi,Jardim Rosemary,1,570,0.0,0.0,100.0
Itapevi,Jardim Portela,1,216,0.0,0.0,100.0
Itapevi,Jardim Itapoã,1,312,0.0,0.0,100.0
Itapevi,Chácara Santa Cecília/Estrada da Curva,1,286,0.0,0.0,100.0
Itapevi,Amerindia/Jardim Vitápolis,1,692,0.0,0.0,100.0
Itapecerica da Serra,Vila do Sapo,1,254,0.0,0.0,100.0
Itapecerica da Serra,Três de Setembro,1,402,0.0,0.0,100.0
Itapecerica da Serra,Sonia Maria I,1,695,0.0,0.0,100.0
Itapecerica da Serra,Rua Formosa,1,273,0.0,0.0,100.0
Itapecerica da Serra,Recreio Primavera,2,694,0.0,0.0,100.0
Itapecerica da Serra,Pinheirinho I,4,1158,0.0,0.0,100.0
Ferraz de Vasconcelos,Jardim Verão,1,233,0.0,0.0,100.0
Ferraz de Vasconcelos,Jardim São José I,1,379,0.0,0.0,100.0
Ferraz de Vasconcelos,Jardim Soeiro,1,269,0.0,0.0,100.0
Cotia,Favela do Jardim Rosemeire,1,414,0.0,0.0,100.0
Diadema,Arthur Bernardes,1,218,0.0,0.0,100.0
Diadema,Arco-Íris I,1,485,0.0,0.0,100.0
Diadema,Andrade Barbosa,1,177,0.0,0.0,100.0
Diadema,Ana Sofia / Goyotin / Ponta do Leste,1,558,0.0,0.0,100.0
Cotia,Rua do Furquim,1,103,0.0,0.0,100.0
Cotia,Recanto Verde,1,112,0.0,0.0,100.0
Cotia,Parque Miguel Mirizola,1,876,0.0,0.0,100.0
Cotia,Panorama,2,560,0.0,0.0,100.0
Cotia,Favela do Recanto Suave,1,435,0.0,0.0,100.0
Cotia,Favela do Ivo,1,413,0.0,0.0,100.0
Diadema,Ruyce,1,174,0.0,0.0,100.0
Cotia,Comunidade dos Palmares (Evaristo),1,443,0.0,0.0,100.0
Carapicuíba,Vila Olinda e Vila Fé e Esperança,1,515,0.0,0.0,100.0
Carapicuíba,Vila Helena,2,379,0.0,0.0,100.0
Carapicuíba,Savime,1,153,0.0,0.0,100.0
Carapicuíba,Rua Votupoca,1,182,0.0,0.0,100.0
Carapicuíba,Rua Vela,3,833,0.0,0.0,100.0
Carapicuíba,Rua Ribeira,1,246,0.0,0.0,100.0
Carapicuíba,Rua Quitandinha,1,356,0.0,0.0,100.0
Carapicuíba,Porto de Areia,2,1564,0.0,0.0,100.0
Diadema,Baleia,1,197,0.0,0.0,100.0
Diadema,Barão de Uruguaiana,1,666,0.0,0.0,100.0
Diadema,Bilac,1,241,0.0,0.0,100.0
Diadema,Canhema,1,737,0.0,0.0,100.0
Diadema,Riachuelo / Vila Eleonor,1,187,0.0,0.0,100.0
Diadema,Pré Moldado,1,145,0.0,0.0,100.0
Diadema,Olaria,1,161,0.0,0.0,100.0
Diadema,Novo Habitat,1,399,0.0,0.0,100.0
Diadema,Nova Conquista / Krones C,1,108,0.0,0.0,100.0
Diadema,Nossa Senhora Aparecida,1,254,0.0,0.0,100.0
Diadema,Mombaé,1,283,0.0,0.0,100.0
Diadema,Maria Cândida de Oliveira,1,304,0.0,0.0,100.0
Diadema,Marginal / Sicomoru / Jardim Amália,1,636,0.0,0.0,100.0
Diadema,Mar azul,1,197,0.0,0.0,100.0
Diadema,Jardim da Liberdade,1,139,0.0,0.0,100.0
Diadema,Jardim ABC III,1,233,0.0,0.0,100.0
Diadema,Jardim ABC II,1,236,0.0,0.0,100.0
Diadema,Ipitá/Café Bravo,1,173,0.0,0.0,100.0
Diadema,Inamar II,1,159,0.0,0.0,100.0
Diadema,Inamar I,1,327,0.0,0.0,100.0
Diadema,Iguassu,2,269,0.0,0.0,100.0
Diadema,Cirenaica,1,478,0.0,0.0,100.0
Diadema,Canopo Santa Inez,1,151,0.0,0.0,100.0
Carapicuíba,Guarantã/Jatobá,1,264,0.0,0.0,100.0
Carapicuíba,Comunidade Porangaba,1,489,0.0,0.0,100.0
Carapicuíba,Comunidade Laurinda Marques,2,439,0.0,0.0,100.0
Cajamar,Carapicuíba,1,200,0.0,0.0,100.0
Caieiras,Rua Campinas,1,273,0.0,0.0,100.0
Caieiras,Olaria,1,235,0.0,0.0,100.0
Caieiras,José Failace,2,397,0.0,0.0,100.0
Caieiras,Comunidade da Barroca,1,505,0.0,0.0,100.0
Caieiras,Calcário,4,2898,0.0,0.0,100.0
Biritiba Mirim,Vista Linda,2,224,0.0,0.0,100.0
Biritiba Mirim,Vila Santo Antônio I,2,827,0.0,0.0,100.0
Biritiba Mirim,Vila Santo Antônio,2,754,0.0,0.0,100.0
Biritiba Mirim,Jardim dos Eucaliptos,1,595,0.0,0.0,100.0
Barueri,Rua Brooklin,1,126,0.0,0.0,100.0
Barueri,Recanto da Pedra,1,636,0.0,0.0,100.0
Barueri,Parque dos Camargos,2,417,0.0,0.0,100.0
Barueri,Núcleo Engenho Novo,1,606,0.0,0.0,100.0
Barueri,Núcleo D.E.R.,1,147,0.0,0.0,100.0
Barueri,Jardim Silveira,1,164,0.0,0.0,100.0
Barueri,Jardim Itaqueti,2,1010,0.0,0.0,100.0
Barueri,Empreendimento Tiradentes,1,640,0.0,0.0,100.0
Arujá,Shimio,1,177,0.0,0.0,100.0
Arujá,Núcleo Vicente Matheus,1,215,0.0,0.0,100.0
Cajamar,Campos,1,107,0.0,0.0,100.0
Cajamar,Chavantes,1,116,0.0,0.0,100.0
Carapicuíba,Comunidade Fábrica de Blocos,1,473,0.0,0.0,100.0
Cajamar,Cimiga II,3,973,0.0,0.0,100.0
Carapicuíba,Comunidade Eduardo Augusto Mesquita,1,385,0.0,0.0,100.0
Carapicuíba,Comunidade Copaíba,1,297,0.0,0.0,100.0
Carapicuíba,Comunidade Cadaval,2,1120,0.0,0.0,100.0
Carapicuíba,Cohab 5,1,224,0.0,0.0,100.0
Carapicuíba,Bom Pastor / Roseira Parque,1,220,0.0,0.0,100.0
Carapicuíba,Avenida Doutor João Passos,1,329,0.0,0.0,100.0
Carapicuíba,Alto da Santa Lúcia,1,538,0.0,0.0,100.0
Cajamar,Vila União,3,1167,0.0,0.0,100.0
Cajamar,Vila Coral,1,249,0.0,0.0,100.0
Cajamar,Vau Novo,1,216,0.0,0.0,100.0
Cajamar,Sítio Bela Vista,1,166,0.0,0.0,100.0
Cajamar,São Luiz,3,692,0.0,0.0,100.0
Cajamar,São Benedito,5,1694,0.0,0.0,100.0
Cajamar,Queijadas,1,202,0.0,0.0,100.0
Cajamar,Olaria II,1,211,0.0,0.0,100.0
Cajamar,Monte Alto,1,311,0.0,0.0,100.0
Cajamar,Linha Do Trem/Vila Granipavi,1,230,0.0,0.0,100.0
Cajamar,Gato Preto,2,964,0.0,0.0,100.0
Cajamar,Cruzeiro,1,251,0.0,0.0,100.0
Diadema,Rio de Janeiro,1,188,0.0,0.0,100.0
Diadema,Sant'Ana,1,565,0.0,0.0,100.0
Ferraz de Vasconcelos,Jardim Renata,2,898,0.0,0.0,100.0
Embu das Artes,Panorama,2,841,0.0,0.0,100.0
Embu das Artes,Santa Rosa (Quinta do Morro),1,499,0.0,0.0,100.0
Embu das Artes,Santa Luzia,1,159,0.0,0.0,100.0
Embu das Artes,Santa Clara,2,778,0.0,0.0,100.0
Embu das Artes,Rudge Ramos,1,682,0.0,0.0,100.0
Embu das Artes,Roquinho,4,2597,0.0,0.0,100.0
Embu das Artes,Rodoanel,4,2618,0.0,0.0,100.0
Embu das Artes,Pombas,1,252,0.0,0.0,100.0
Embu das Artes,Pinheiros,2,777,0.0,0.0,100.0
Embu das Artes,Parque Luiza,3,1582,0.0,0.0,100.0
Embu das Artes,Ocupação Parque Esplanada,1,517,0.0,0.0,100.0
Diadema,Santa Cruz I,1,564,0.0,0.0,100.0
Embu das Artes,Ocupação Nossa Senhora de Fátima,2,925,0.0,0.0,100.0
Embu das Artes,Nonoai,5,2076,0.0,0.0,100.0
Embu das Artes,Mato Grosso,1,473,0.0,0.0,100.0
Embu das Artes,Marina,1,269,0.0,0.0,100.0
Embu das Artes,Linhão do Eletropaulo I,1,269,0.0,0.0,100.0
Embu das Artes,José Linhares,2,1316,0.0,0.0,100.0
Embu das Artes,Jatobá,2,545,0.0,0.0,100.0
Embu das Artes,Jardim Ângela,1,461,0.0,0.0,100.0
Embu das Artes,Jardim dos Bichinhos,1,295,0.0,0.0,100.0
Embu das Artes,Santana do Parnaíba,1,392,0.0,0.0,100.0
Embu das Artes,Santos Dumont,1,526,0.0,0.0,100.0
Embu das Artes,Savoy I,1,270,0.0,0.0,100.0
Embu das Artes,Savoy II,1,848,0.0,0.0,100.0
Ferraz de Vasconcelos,Jardim Pérola,1,272,0.0,0.0,100.0
Ferraz de Vasconcelos,Jardim Oséias Genuíno,2,993,0.0,0.0,100.0
Ferraz de Vasconcelos,Jardim Leila,1,241,0.0,0.0,100.0
Ferraz de Vasconcelos,Jardim Figueiredo,1,335,0.0,0.0,100.0
Ferraz de Vasconcelos,Jardim Daise I,1,549,0.0,0.0,100.0
Ferraz de Vasconcelos,Jardim Anchieta,1,331,0.0,0.0,100.0
Ferraz de Vasconcelos,Jardim Amalfi,1,240,0.0,0.0,100.0
Ferraz de Vasconcelos,Favela dos Sonhos,1,526,0.0,0.0,100.0
Embu-Guaçu,Favela do Mossoró,1,219,0.0,0.0,100.0
Embu-Guaçu,Favela do Granjinha,1,164,0.0,0.0,100.0
Embu das Artes,Água Branca (Laila),2,508,0.0,0.0,100.0
Embu das Artes,Vila Feliz,1,368,0.0,0.0,100.0
Embu das Artes,Tomé,2,1068,0.0,0.0,100.0
Embu das Artes,Taima,1,430,0.0,0.0,100.0
Embu das Artes,Sítio Rima,1,252,0.0,0.0,100.0
Embu das Artes,São Luiz,1,518,0.0,0.0,100.0
Embu das Artes,São Francisco,1,752,0.0,0.0,100.0
Embu das Artes,Silvia,1,639,0.0,0.0,100.0
Embu das Artes,Savoy III,1,2199,0.0,0.0,100.0
Embu das Artes,Jardim das Oliveiras,6,3877,0.0,0.0,100.0
Embu das Artes,Jardim Valo Verde,3,1793,0.0,0.0,100.0
Embu das Artes,Jardim São Vicente,2,594,0.0,0.0,100.0
Diadema,Vila Progresso / Servidão,1,279,0.0,0.0,100.0
Diadema,Vila Nogueira,2,565,0.0,0.0,100.0
Diadema,Vila Modelo,1,411,0.0,0.0,100.0
Diadema,Vila Lídia / Taperinha,3,688,0.0,0.0,100.0
Diadema,Vila Cláudia,1,224,0.0,0.0,100.0
Diadema,Viela da Paz,1,232,0.0,0.0,100.0
Diadema,Usina,2,491,0.0,0.0,100.0
Diadema,União da Vitória,1,347,0.0,0.0,100.0
Diadema,Tomé de Souza,1,457,0.0,0.0,100.0
Diadema,Tangará,1,105,0.0,0.0,100.0
Diadema,Takebinho,1,181,0.0,0.0,100.0
Diadema,Takebe 1,1,118,0.0,0.0,100.0
Diadema,Sítio do Caqui,1,184,0.0,0.0,100.0
Diadema,Sítio do Barba,1,293,0.0,0.0,100.0
Diadema,Serra do Baturite,2,470,0.0,0.0,100.0
Diadema,Serra da Borborema / Alfenas 2 / Escadão,1,323,0.0,0.0,100.0
Diadema,Santo Antônio/Margaridas,1,179,0.0,0.0,100.0
Diadema,Santa Maria I,1,512,0.0,0.0,100.0
Diadema,Santa Elizabeth / Vila Operária,1,519,0.0,0.0,100.0
Diadema,Santa Cruz II,1,556,0.0,0.0,100.0
Diadema,Vila Odete,2,1380,0.0,0.0,100.0
Embu das Artes,Antônio Mory,1,286,0.0,0.0,100.0
Embu das Artes,Jardim Magali I,1,281,0.0,0.0,100.0
Embu das Artes,Arapongas,1,303,0.0,0.0,100.0
Embu das Artes,Jardim Castilho,6,2221,0.0,0.0,100.0
Embu das Artes,Jardim Batista,1,270,0.0,0.0,100.0
Embu das Artes,Isis Cristina / Jardim Colégio,13,4621,0.0,0.0,100.0
Embu das Artes,Inferninho,3,1418,0.0,0.0,100.0
Embu das Artes,Industrial I,1,151,0.0,0.0,100.0
Embu das Artes,Independência II,1,472,0.0,0.0,100.0
Embu das Artes,Hercílio Wustemberg,1,449,0.0,0.0,100.0
Embu das Artes,Guaíba,2,629,0.0,0.0,100.0
Embu das Artes,Guaiçara,3,1151,0.0,0.0,100.0
Embu das Artes,Guairacá,1,319,0.0,0.0,100.0
Embu das Artes,Fazenda Atalaia,1,369,0.0,0.0,100.0
Embu das Artes,Dois Palitos,4,2334,0.0,0.0,100.0
Embu das Artes,Detroit,1,589,0.0,0.0,100.0
Embu das Artes,Concórdia,2,1373,0.0,0.0,100.0
Embu das Artes,Comunidade Jardim Florida (Rua das Camélias),1,797,0.0,0.0,100.0
Embu das Artes,Casa Branca,1,241,0.0,0.0,100.0
Embu das Artes,Campo do Cafu,3,1156,0.0,0.0,100.0
Embu das Artes,Campo Grande,1,246,0.0,0.0,100.0
Embu das Artes,Augusto de Almeida Batista,1,236,0.0,0.0,100.0
Mairiporã,Porta do Céu,1,143,0.0,0.0,100.0
Mairiporã,São Vicente,1,175,0.0,0.0,100.0
Mairiporã,Vila Furnas,1,135,0.0,0.0,100.0
São Paulo,Cirenaica,1,267,0.0,0.0,100.0
São Paulo,Constantino de Oliveira Ledo I,1,166,0.0,0.0,100.0
São Paulo,Conselheiro Moreira de Barros,1,610,0.0,0.0,100.0
São Paulo,Conjunto Nossa Senhora Aparecida,1,394,0.0,0.0,100.0
São Paulo,Condomínio Residencial Esplanada,3,718,0.0,0.0,100.0
São Paulo,Comunidade Jardim Virgínia,2,500,0.0,0.0,100.0
São Paulo,Comunidade Córrego do Oratório,1,379,0.0,0.0,100.0
São Paulo,Comunidade 21,1,195,0.0,0.0,100.0
São Paulo,Coimbra,1,133,0.0,0.0,100.0
São Paulo,Clara Nunes,2,419,0.0,0.0,100.0
São Paulo,Cidade de Santos,2,378,0.0,0.0,100.0
São Paulo,Francisco Sanches Dias,1,321,0.0,0.0,100.0
São Paulo,Cidade Alta,1,274,0.0,0.0,100.0
São Paulo,Chácara do Sol,2,341,0.0,0.0,100.0
São Paulo,Chácara Tanay,3,809,0.0,0.0,100.0
São Paulo,"Chácara Santana I, II e III",5,1406,0.0,0.0,100.0
São Paulo,Chácara Bandeirante,1,906,0.0,0.0,100.0
São Paulo,Chácara,1,476,0.0,0.0,100.0
Arujá,Invasão Área Verde (Área 4),2,531,0.0,0.0,100.0
São Paulo,Chapada de Minas,1,109,0.0,0.0,100.0
São Paulo,Cepo,1,496,0.0,0.0,100.0
São Paulo,Costa do Valado,2,804,0.0,0.0,100.0
São Paulo,Daniel Cerri III,2,1244,0.0,0.0,100.0
São Paulo,Dejanira,2,662,0.0,0.0,100.0
São Paulo,Do Areião,1,2142,0.0,0.0,100.0
São Paulo,Francisco Lacerda e Almeida,1,575,0.0,0.0,100.0
São Paulo,Francisco Capara,2,439,0.0,0.0,100.0
São Paulo,Francisco Alvarenga,1,611,0.0,0.0,100.0
São Paulo,Fernão Dias,2,661,0.0,0.0,100.0
São Paulo,Felix Escobar,1,268,0.0,0.0,100.0
São Paulo,Fazendinha I P,1,292,0.0,0.0,100.0
São Paulo,Favela dos Anjos,1,359,0.0,0.0,100.0
São Paulo,Favela da Linha,1,651,0.0,0.0,100.0
São Paulo,Favela Buracão,1,649,0.0,0.0,100.0
São Paulo,Faustino da Silva,1,157,0.0,0.0,100.0
São Paulo,Estrela,1,162,0.0,0.0,100.0
São Paulo,Estrada do Palanque,1,150,0.0,0.0,100.0
São Paulo,Estado de São Paulo,1,194,0.0,0.0,100.0
São Paulo,Erótides de Campos,1,213,0.0,0.0,100.0
São Paulo,Encontros e Despedidas,1,205,0.0,0.0,100.0
São Paulo,Elida,2,392,0.0,0.0,100.0
São Paulo,Dornas Filho,1,446,0.0,0.0,100.0
São Paulo,Domingos Vera,1,425,0.0,0.0,100.0
São Paulo,Do Moinho,3,1827,0.0,0.0,100.0
São Paulo,Castro Prado,1,162,0.0,0.0,100.0
São Paulo,Canto da Saudade,1,248,0.0,0.0,100.0
São Paulo,Candida Ramos,1,189,0.0,0.0,100.0
São Paulo,Avenida Sapopemba - KM 29,1,674,0.0,0.0,100.0
São Paulo,Avenida Marginal I,1,167,0.0,0.0,100.0
São Paulo,Avenida Doutor José Artur Nova,1,263,0.0,0.0,100.0
São Paulo,Avenida Córrego Três Pontes,1,297,0.0,0.0,100.0
São Paulo,Avenida Coronel Sezefredo Fagundes,1,419,0.0,0.0,100.0
São Paulo,Avenida Bento Guelfi,2,321,0.0,0.0,100.0
São Paulo,Avenida Arraias do Araguaia,1,333,0.0,0.0,100.0
São Paulo,Avenida Aricanduva,1,445,0.0,0.0,100.0
São Paulo,Avaré,1,749,0.0,0.0,100.0
São Paulo,Aterro Sanitário,1,373,0.0,0.0,100.0
São Paulo,Ataliba Leonel I,1,421,0.0,0.0,100.0
São Paulo,Ascendino Reis,1,125,0.0,0.0,100.0
São Paulo,Armação,1,294,0.0,0.0,100.0
São Paulo,Antônio Vieira Marcondes II,1,258,0.0,0.0,100.0
São Paulo,Anthero Gomes do Nascimento,1,136,0.0,0.0,100.0
São Paulo,Anhanguera,1,292,0.0,0.0,100.0
São Paulo,Anajazeira,1,114,0.0,0.0,100.0
São Paulo,Ana Maria,2,431,0.0,0.0,100.0
São Paulo,Alziro P. Magalhães,4,1338,0.0,0.0,100.0
São Paulo,Alto do Riviera VI,2,597,0.0,0.0,100.0
São Paulo,Avenida Parada Pinto,1,269,0.0,0.0,100.0
São Paulo,B 14,1,177,0.0,0.0,100.0
São Paulo,Canal do Cocaia,3,1400,0.0,0.0,100.0
São Paulo,Babilônia,1,1213,0.0,0.0,100.0
São Paulo,Campos de Mello III,3,656,0.0,0.0,100.0
São Paulo,Campo Formoso / João Francisco,2,556,0.0,0.0,100.0
São Paulo,Caminho Particular,1,749,0.0,0.0,100.0
São Paulo,Camarazal,2,1680,0.0,0.0,100.0
São Paulo,Caboré Itaquera,2,1200,0.0,0.0,100.0
São Paulo,Butantã D,1,139,0.0,0.0,100.0
São Paulo,Breno Acioli,1,168,0.0,0.0,100.0
São Paulo,Botafogo,1,436,0.0,0.0,100.0
São Paulo,Boros,1,238,0.0,0.0,100.0
São Paulo,Boa Vista,1,274,0.0,0.0,100.0
São Paulo,Bernardino de Campos,1,229,0.0,0.0,100.0
São Paulo,Belém de Maria I e II,1,398,0.0,0.0,100.0
São Paulo,Beira da Linha,1,605,0.0,0.0,100.0
São Paulo,Beatriz,1,176,0.0,0.0,100.0
São Paulo,Basílio Teles,2,300,0.0,0.0,100.0
São Paulo,Barão de Resende,1,401,0.0,0.0,100.0
São Paulo,Bartira,2,449,0.0,0.0,100.0
São Paulo,Banduíra,1,123,0.0,0.0,100.0
São Paulo,Baldomero Fernandez,1,279,0.0,0.0,100.0
São Paulo,Francisco Machado da Silva,2,787,0.0,0.0,100.0
São Paulo,Francisco Soutomaior,3,1170,0.0,0.0,100.0
São Paulo,Alpheu Luiz Gasparini,1,116,0.0,0.0,100.0
São Paulo,Jardim Ieda,1,142,0.0,0.0,100.0
São Paulo,Jardim Manacás,1,200,0.0,0.0,100.0
São Paulo,Jardim Magdalena,1,732,0.0,0.0,100.0
São Paulo,Jardim Lilia,1,263,0.0,0.0,100.0
São Paulo,Jardim Laranjeiras II,2,424,0.0,0.0,100.0
São Paulo,Jardim Jismar,1,560,0.0,0.0,100.0
São Paulo,Jardim Jaraguá II,1,260,0.0,0.0,100.0
São Paulo,Jardim Itapura II,1,178,0.0,0.0,100.0
São Paulo,Jardim Iracema,1,226,0.0,0.0,100.0
São Paulo,Jardim Imperial,2,1273,0.0,0.0,100.0
São Paulo,Jardim Icaraí I,2,556,0.0,0.0,100.0
São Paulo,Frei Amador Anais / Arlinda Ramos Roleira,1,265,0.0,0.0,100.0
São Paulo,Jardim Herplin,1,154,0.0,0.0,100.0
São Paulo,Jardim Herculano,1,381,0.0,0.0,100.0
São Paulo,Jardim Hasano II,1,358,0.0,0.0,100.0
São Paulo,Jardim Guarani / Boa Esperança,4,1841,0.0,0.0,100.0
São Paulo,Jardim Fontes,1,511,0.0,0.0,100.0
São Paulo,Jardim Floresta,1,325,0.0,0.0,100.0
São Paulo,Jardim Fim de Semana III,1,147,0.0,0.0,100.0
São Paulo,Jardim Esmeralda,1,194,0.0,0.0,100.0
São Paulo,Jardim Elizabeth,1,465,0.0,0.0,100.0
São Paulo,Jardim Maracanã,2,688,0.0,0.0,100.0
São Paulo,Jardim Maria Sampaio II,3,1100,0.0,0.0,100.0
São Paulo,Jardim Maristela,1,159,0.0,0.0,100.0
São Paulo,Jardim Mazza II,1,191,0.0,0.0,100.0
São Paulo,Jardim Primavera II,2,1060,0.0,0.0,100.0
São Paulo,Jardim Planalto / Jardim Santa Maria,1,1096,0.0,0.0,100.0
São Paulo,Jardim Pery - Praça Henrique Yuaso,1,221,0.0,0.0,100.0
São Paulo,Jardim Paulo VI,1,258,0.0,0.0,100.0
São Paulo,Jardim Paraguaçu,1,210,0.0,0.0,100.0
São Paulo,Jardim Palmares,2,1468,0.0,0.0,100.0
São Paulo,Jardim Palanque,1,336,0.0,0.0,100.0
São Paulo,Jardim Olinda IV,1,202,0.0,0.0,100.0
São Paulo,Jardim Olinda III,2,733,0.0,0.0,100.0
São Paulo,Jardim Novo Santo Amaro I,2,462,0.0,0.0,100.0
São Paulo,Jardim Novo Parelheiros,1,419,0.0,0.0,100.0
São Paulo,Jardim Novo Oriente I,1,455,0.0,0.0,100.0
São Paulo,Jardim Novo Lar,2,304,0.0,0.0,100.0
São Paulo,Jardim Morais Prado II,3,498,0.0,0.0,100.0
São Paulo,Jardim Morais Prado I,2,383,0.0,0.0,100.0
São Paulo,Jardim Morais Prado,1,137,0.0,0.0,100.0
São Paulo,Jardim Monte Alegre II,3,607,0.0,0.0,100.0
São Paulo,Jardim Monte Alegre I,1,127,0.0,0.0,100.0
São Paulo,Jardim Miliunas,2,1159,0.0,0.0,100.0
São Paulo,Jardim Eliana I,1,210,0.0,0.0,100.0
São Paulo,Jardim Edy,1,210,0.0,0.0,100.0
São Paulo,Jardim D´Abril II,3,1669,0.0,0.0,100.0
São Paulo,Jardim Alexandrina / Jardim Gustavo,5,2006,0.0,0.0,100.0
São Paulo,Jaguará B,1,193,0.0,0.0,100.0
São Paulo,Jacaraípe,2,1175,0.0,0.0,100.0
São Paulo,Itaquera B,1,415,0.0,0.0,100.0
São Paulo,Ipê,1,181,0.0,0.0,100.0
São Paulo,Integrada,1,188,0.0,0.0,100.0
São Paulo,Império I,3,1115,0.0,0.0,100.0
São Paulo,Imigrantes,2,455,0.0,0.0,100.0
São Paulo,Iguatemi A/B,2,913,0.0,0.0,100.0
São Paulo,Haidée,1,208,0.0,0.0,100.0
São Paulo,Guiomar Branco da Silva,1,338,0.0,0.0,100.0
São Paulo,Guilherme Bude,2,293,0.0,0.0,100.0
São Paulo,Gregório Bezerra,1,152,0.0,0.0,100.0
São Paulo,Gervásio Botelho,2,448,0.0,0.0,100.0
São Paulo,George Bernanos,1,942,0.0,0.0,100.0
São Paulo,Gentil Fabriano,1,275,0.0,0.0,100.0
São Paulo,Gabi I,1,168,0.0,0.0,100.0
São Paulo,Fábio Luz,1,331,0.0,0.0,100.0
São Paulo,Furnas,1,102,0.0,0.0,100.0
São Paulo,Fructuoso Vianna,1,354,0.0,0.0,100.0
São Paulo,Jahu Cangaíba,1,134,0.0,0.0,100.0
São Paulo,Jardim Almanara,1,201,0.0,0.0,100.0
São Paulo,Jardim Dulce,2,944,0.0,0.0,100.0
São Paulo,Jardim Almeida Prado,2,693,0.0,0.0,100.0
São Paulo,Jardim Divino,1,211,0.0,0.0,100.0
São Paulo,Jardim Comercial V,1,123,0.0,0.0,100.0
São Paulo,Jardim Colonial / Sítio Santa Etelvina,2,2144,0.0,0.0,100.0
São Paulo,Jardim Clímax,1,260,0.0,0.0,100.0
São Paulo,Jardim Cliper,1,385,0.0,0.0,100.0
São Paulo,Jardim Casagrande I / Vila Esperança,1,255,0.0,0.0,100.0
São Paulo,Jardim Carumbé,2,212,0.0,0.0,100.0
São Paulo,Jardim Cambará II,1,158,0.0,0.0,100.0
São Paulo,Jardim Buriti,1,412,0.0,0.0,100.0
São Paulo,Jardim Bonifácio,2,557,0.0,0.0,100.0
São Paulo,Jardim Boa Vista,3,1685,0.0,0.0,100.0
São Paulo,Jardim Aracati II,1,454,0.0,0.0,100.0
São Paulo,Jardim Apura,3,1333,0.0,0.0,100.0
São Paulo,Jardim Angela II,2,1059,0.0,0.0,100.0
São Paulo,Jardim Ana Maria III,1,365,0.0,0.0,100.0
São Paulo,Jardim Ana Maria II,1,458,0.0,0.0,100.0
São Paulo,Jardim Alvina,1,460,0.0,0.0,100.0
São Paulo,Jardim Alto da Riviera IX,1,782,0.0,0.0,100.0
São Paulo,Jardim Alto Alegre,1,595,0.0,0.0,100.0
São Paulo,Alto da Riviera II,1,296,0.0,0.0,100.0
São Paulo,Alfredo Ometecidio,1,115,0.0,0.0,100.0
Mairiporã,Vila São José / Vila Davi,1,246,0.0,0.0,100.0
Osasco,Novo Osasco - CC,1,268,0.0,0.0,100.0
Osasco,Santa Maria - SM2,3,1778,0.0,0.0,100.0
Osasco,Rochdale - P1,2,536,0.0,0.0,100.0
Osasco,Remédios - O,2,569,0.0,0.0,100.0
Osasco,Radar,1,199,0.0,0.0,100.0
Osasco,Platina - CS,1,312,0.0,0.0,100.0
Osasco,Pestana / Jardim das Flores - BL,2,272,0.0,0.0,100.0
Osasco,Padroeira - BS,1,460,0.0,0.0,100.0
Osasco,Padroeira - AS,1,815,0.0,0.0,100.0
Osasco,Padroeira - AR/Jardim Turíbio,1,349,0.0,0.0,100.0
Osasco,Mutinga - L,4,1380,0.0,0.0,100.0
Santo André,Apucarana,1,678,0.0,0.0,100.0
Osasco,Mutinga - F,3,703,0.0,0.0,100.0
Osasco,Mutinga - BA,1,991,0.0,0.0,100.0
Osasco,Munhoz Júnior - E,1,483,0.0,0.0,100.0
Osasco,Munhoz Júnior - CB,1,444,0.0,0.0,100.0
Osasco,Munhoz Júnior - BH,1,788,0.0,0.0,100.0
Osasco,Luiz Bonfá - RC,2,519,0.0,0.0,100.0
Osasco,Jardim Roberto - BX,1,270,0.0,0.0,100.0
Osasco,Jardim Padroeira - CF,1,326,0.0,0.0,100.0
Osasco,Jardim Marieta - CD,1,829,0.0,0.0,100.0
Osasco,Veloso - DG,1,206,0.0,0.0,100.0
Osasco,Veloso - U/ Novo Osasco,3,1503,0.0,0.0,100.0
Osasco,Vila Menck - BY,1,504,0.0,0.0,100.0
Osasco,Vila Menck - CK,1,457,0.0,0.0,100.0
Santana de Parnaíba,Vila Poupança,1,148,0.0,0.0,100.0
Santana de Parnaíba,Comunidade Vila Clementino,1,301,0.0,0.0,100.0
Santana de Parnaíba,Comunidade Jardim Itapua,1,144,0.0,0.0,100.0
Santana de Parnaíba,Comunidade Chacara Solar,1,387,0.0,0.0,100.0
Rio Grande da Serra,Rua das Samambaias,1,374,0.0,0.0,100.0
Rio Grande da Serra,Rua José Carlos Pace,1,115,0.0,0.0,100.0
Rio Grande da Serra,Rua Arujá,2,1158,0.0,0.0,100.0
Rio Grande da Serra,Recanto Natalino Bertoldo II,1,162,0.0,0.0,100.0
Rio Grande da Serra,Recanto Natalino Bertoldo I,1,369,0.0,0.0,100.0
Rio Grande da Serra,Jardim Guiomar e Raquel,1,736,0.0,0.0,100.0
Ribeirão Pires,Núcleo 29 da João Lúcio de Moraes,1,991,0.0,0.0,100.0
Ribeirão Pires,Núcleo 22 Jardim Primavera,1,642,0.0,0.0,100.0
Ribeirão Pires,Núcleo 07 Chácara Aliança - Rua Projetada e rua Porto das Du,1,1008,0.0,0.0,100.0
Poá,Vila São Francisco,3,911,0.0,0.0,100.0
Poá,Vila Açafrão,1,153,0.0,0.0,100.0
Poá,Nova Poá,1,543,0.0,0.0,100.0
Pirapora do Bom Jesus,Núcleo Parque Payol,2,1357,0.0,0.0,100.0
Pirapora do Bom Jesus,Conjunto Benedito,1,135,0.0,0.0,100.0
Osasco,Vila Menck - CQ,1,501,0.0,0.0,100.0
Osasco,Itaperuna,1,376,0.0,0.0,100.0
Osasco,Helena Maria - G,1,520,0.0,0.0,100.0
Osasco,Fazendinha,1,536,0.0,0.0,100.0
Mauá,Rua Três Américas,3,1126,0.0,0.0,100.0
Mauá,Rua Saturnino João da Silva,2,749,0.0,0.0,100.0
Mauá,Rua Leonídia Oliveira Neves/Rua São Paulo,1,354,0.0,0.0,100.0
Mauá,Rua José Cândido Cerqueira Leite II,2,940,0.0,0.0,100.0
Mauá,Rua Ida Scilla Gianoni,1,522,0.0,0.0,100.0
Mauá,Rua Colômbia / Parque das Américas,1,112,0.0,0.0,100.0
Mauá,Rua Chico Mendes,4,1554,0.0,0.0,100.0
Mauá,Rua Cassiano Ricardo,1,379,0.0,0.0,100.0
Mauá,Rua Arizona,1,290,0.0,0.0,100.0
Mauá,Rua Antônio Viana de Freitas,1,479,0.0,0.0,100.0
Mauá,Rua Antenor Nincão,1,293,0.0,0.0,100.0
Mauá,Paulina Dias de Jesus,1,132,0.0,0.0,100.0
Mauá,Núcleo da Rua Santos Ferreira de Freitas,1,437,0.0,0.0,100.0
Mauá,Núcleo Pedreirinha,1,809,0.0,0.0,100.0
Mauá,Núcleo Luiz Camargo Aranha,1,162,0.0,0.0,100.0
Mauá,Mansur José Sadek,1,525,0.0,0.0,100.0
Mauá,Jacarandá/Vila Magini,1,530,0.0,0.0,100.0
Mauá,Emílio Boyago/Vila Ana,1,138,0.0,0.0,100.0
Mauá,Avenida do Manacá,1,665,0.0,0.0,100.0
Mauá,Aroeira,1,505,0.0,0.0,100.0
Mauá,Rua São José,1,101,0.0,0.0,100.0
Mauá,Rua da Bocaina,1,128,0.0,0.0,100.0
Osasco,Conceição - AU,1,177,0.0,0.0,100.0
Mauá,Vila Assis Brasil,1,630,0.0,0.0,100.0
Osasco,Cidade das Flores / Pestana - AF,2,297,0.0,0.0,100.0
Osasco,Chapéu de Couro,6,3124,0.0,0.0,100.0
Osasco,Bonança / Eucaliptal / Rua dos Anjos,3,1529,0.0,0.0,100.0
Osasco,Baronesa - CV,1,543,0.0,0.0,100.0
Osasco,Baronesa - BZ,2,525,0.0,0.0,100.0
Osasco,Baronesa - AX,1,242,0.0,0.0,100.0
Osasco,Bandeiras - BK,1,528,0.0,0.0,100.0
Osasco,Avenida Panorâmica,1,729,0.0,0.0,100.0
Osasco,Aliança - AW,1,319,0.0,0.0,100.0
Mogi das Cruzes,Vila São Francisco,1,926,0.0,0.0,100.0
Mogi das Cruzes,Residencial Novo Horizonte,1,295,0.0,0.0,100.0
Mogi das Cruzes,Jundiapeba Adutora,5,903,0.0,0.0,100.0
Mogi das Cruzes,Jardim Santos Dumont/Jardim Aeroporto,3,1587,0.0,0.0,100.0
Mogi das Cruzes,Jardim Piatã A,3,1029,0.0,0.0,100.0
Mogi das Cruzes,Jardim Margarida/Vila Augusta,1,529,0.0,0.0,100.0
Mogi das Cruzes,Fazenda Cuiabá,2,1105,0.0,0.0,100.0
Mogi das Cruzes,Chácara dos Baianos,1,389,0.0,0.0,100.0
Mogi das Cruzes,Caputera,1,284,0.0,0.0,100.0
Mauá,Vila Real,2,820,0.0,0.0,100.0
Santo André,Amoritas,3,1208,0.0,0.0,100.0
Santo André,Araguari,1,172,0.0,0.0,100.0
São Paulo,Alfredo Hanisch,1,239,0.0,0.0,100.0
São Bernardo do Campo,Estrada Galvão Bueno - Jardim Represa,1,208,0.0,0.0,100.0
São Bernardo do Campo,Jardim Via Anchieta,1,330,0.0,0.0,100.0
São Bernardo do Campo,Jardim Skaff,3,1085,0.0,0.0,100.0
São Bernardo do Campo,Jardim Paraíso,2,520,0.0,0.0,100.0
São Bernardo do Campo,Jardim Boa Vista,1,300,0.0,0.0,100.0
São Bernardo do Campo,Jardim Belita Nazareth,2,328,0.0,0.0,100.0
São Bernardo do Campo,Itamarati,1,155,0.0,0.0,100.0
São Bernardo do Campo,Holanda Cavalcanti,2,620,0.0,0.0,100.0
São Bernardo do Campo,Galpão Eiji Kikuti,3,1476,0.0,0.0,100.0
São Bernardo do Campo,Florestal,1,327,0.0,0.0,100.0
São Bernardo do Campo,Deoclécio Alves Moreira,1,430,0.0,0.0,100.0
Santo André,Bizâncio,1,264,0.0,0.0,100.0
São Bernardo do Campo,DER-II,1,951,0.0,0.0,100.0
São Bernardo do Campo,Cruzeiro do Sul,1,381,0.0,0.0,100.0
São Bernardo do Campo,Casas Fortaleza,1,758,0.0,0.0,100.0
São Bernardo do Campo,Cama Patente,1,504,0.0,0.0,100.0
São Bernardo do Campo,Biquinha,3,1087,0.0,0.0,100.0
São Bernardo do Campo,Bananal/Silvina Audi,2,366,0.0,0.0,100.0
São Bernardo do Campo,Alto da Bela Vista,2,1275,0.0,0.0,100.0
Suzano,Suzanópolis,1,551,0.0,0.0,100.0
Suzano,Parque Maria Helena,1,432,0.0,0.0,100.0
São Bernardo do Campo,Mininha,2,301,0.0,0.0,100.0
São Bernardo do Campo,Novo Horizonte,2,792,0.0,0.0,100.0
São Bernardo do Campo,Novo Parque/Saracantan,3,1635,0.0,0.0,100.0
São Bernardo do Campo,Pereira Barreto,1,199,0.0,0.0,100.0
São Paulo,Alferez Frazão,1,326,0.0,0.0,100.0
São Paulo,Alegria,2,285,0.0,0.0,100.0
São Paulo,Agrimensor Sugaya e Vila Cosmopolita,1,251,0.0,0.0,100.0
São Paulo,Adolfo Adam,1,159,0.0,0.0,100.0
São Bernardo do Campo,Vila do Tanque,1,244,0.0,0.0,100.0
São Bernardo do Campo,Vila do Bosque,2,843,0.0,0.0,100.0
São Bernardo do Campo,Vila Sônia Maria,1,414,0.0,0.0,100.0
São Bernardo do Campo,Vila São José/Av. Osvaldo Fregonezi,1,405,0.0,0.0,100.0
São Bernardo do Campo,Vila Ferreira,2,1166,0.0,0.0,100.0
São Bernardo do Campo,Vila Feliz,2,617,0.0,0.0,100.0
São Bernardo do Campo,Sítio dos Vianas,1,799,0.0,0.0,100.0
São Bernardo do Campo,Sabesp,4,1323,0.0,0.0,100.0
São Bernardo do Campo,Rua dos Vianas,1,235,0.0,0.0,100.0
São Bernardo do Campo,Rua das Flores,2,1003,0.0,0.0,100.0
São Bernardo do Campo,Rua Paranaguá,1,423,0.0,0.0,100.0
São Bernardo do Campo,Rua Mafra,1,246,0.0,0.0,100.0
São Bernardo do Campo,Rua Luiz Marson,1,201,0.0,0.0,100.0
São Bernardo do Campo,Rua Cintra,1,504,0.0,0.0,100.0
São Bernardo do Campo,Rua Arthur da Frota Moreira,1,237,0.0,0.0,100.0
Suzano,Parque Buenos Aires,1,299,0.0,0.0,100.0
Suzano,Monte Cristo,1,302,0.0,0.0,100.0
Suzano,Jardim Saúde,1,410,0.0,0.0,100.0
Santo André,Nova Centreville,3,1243,0.0,0.0,100.0
Santo André,Missionários PMSA,1,524,0.0,0.0,100.0
Santo André,Maurício de Medeiros,1,224,0.0,0.0,100.0
Santo André,Marginal Guarará,1,549,0.0,0.0,100.0
Santo André,Lamartine PMSA,2,533,0.0,0.0,100.0
Santo André,João de Barros,1,517,0.0,0.0,100.0
Santo André,Jardim Primavera,1,973,0.0,0.0,100.0
Santo André,Jardim Cristiane,5,1781,0.0,0.0,100.0
Santo André,Ipiranga I,1,717,0.0,0.0,100.0
Santo André,Homero Thon,1,201,0.0,0.0,100.0
Santo André,Haras,2,1831,0.0,0.0,100.0
Santo André,Harada,1,1114,0.0,0.0,100.0
Santo André,Hamurabi / CDHU,2,517,0.0,0.0,100.0
Santo André,Dom João III,1,296,0.0,0.0,100.0
Santo André,Cruz de Malta,1,119,0.0,0.0,100.0
Santo André,Condomínio Maracanã,1,740,0.0,0.0,100.0
Santo André,Cata Preta I,1,363,0.0,0.0,100.0
Santo André,Capitanias,1,203,0.0,0.0,100.0
Santo André,Bougival,3,938,0.0,0.0,100.0
Santo André,Bom Pastor,1,222,0.0,0.0,100.0
Santo André,Nautilus,2,432,0.0,0.0,100.0
Santo André,Nova Progresso,1,453,0.0,0.0,100.0
Suzano,Jardim Graziela,2,537,0.0,0.0,100.0
Santo André,Ocupação Cazuza,1,178,0.0,0.0,100.0
Santo André,Vila Junqueira,2,687,0.0,0.0,100.0
Santo André,Vila Esperança,1,181,0.0,0.0,100.0
Santo André,Troca Tapa,1,265,0.0,0.0,100.0
Santo André,Titan II,1,893,0.0,0.0,100.0
Santo André,Titan I,1,518,0.0,0.0,100.0
Santo André,Timbó,1,213,0.0,0.0,100.0
Santo André,Taioca/Caiubi,1,144,0.0,0.0,100.0
Santo André,Sítio Cassaquera,1,388,0.0,0.0,100.0
Santo André,São Sebastião,1,384,0.0,0.0,100.0
Santo André,Sarapuí,1,754,0.0,0.0,100.0
Santo André,Saquarema,1,522,0.0,0.0,100.0
Santo André,Santa Cristina I,1,640,0.0,0.0,100.0
Santo André,Quilombo II,1,632,0.0,0.0,100.0
Santo André,Quilombo I e III,2,827,0.0,0.0,100.0
Santo André,Portelinha,1,648,0.0,0.0,100.0
Santo André,Pedro Américo,1,396,0.0,0.0,100.0
Santo André,Paraúna,1,540,0.0,0.0,100.0
Santo André,Padre Donizete,1,381,0.0,0.0,100.0
Santo André,Padre Adrianus,1,351,0.0,0.0,100.0
Taboão da Serra,Vila Nova Esperança,1,744,0.0,0.0,100.0
